prompt_id,prompt_uid,image_path,prompt_status,image_status,qc_status,intended_score_band,intended_coarse_class,intended_representative_score,reviewed_score_band,reviewed_coarse_class,final_score_band,final_coarse_class,training_score_band,training_coarse_class,training_representative_score,training_label_source,prompt_title,prompt_model,band_spec_file,qc_notes,damage_profile_primary,damage_profile_secondary,damage_location_primary,box_form_factor,box_pattern,label_presence,tape_profile,background_context,camera_angle,lighting_style,source_dataset,original_label,source_registry,review_status,disagreement_flag,source_image_path,preprocessing_profile,preprocessing_source_manifest
1,real_redf0xwin_0001,images/0001.jpg,not_applicable,available,labeled,,,,76-85,severe,76-85,severe,76-85,severe,80,real_human_final,Real labeled image real_redf0xwin_0001,,76-85-severe-mid.md,,,,,,,,,,,,kaggle:redf0xwin/recognizing-defects-in-boxes-and-cardboard,dent:7;hole:3,/Users/inventure71/VSProjects/School/Dream2Detect/data/registries/real_relabel_registry.csv,labeled,,/Users/inventure71/VSProjects/School/Dream2Detect/data/real/source/redf0xwin_recognizing_defects_in_boxes_and_cardboard/images/0001.jpg,rgb_pad_resize_384,/Users/inventure71/VSProjects/School/Dream2Detect/data/datasets/real_labeled_dataset_current.csv
2,real_redf0xwin_0002,images/0002.jpg,not_applicable,available,labeled,,,,76-85,severe,76-85,severe,76-85,severe,80,real_human_final,Real labeled image real_redf0xwin_0002,,76-85-severe-mid.md,,,,,,,,,,,,kaggle:redf0xwin/recognizing-defects-in-boxes-and-cardboard,dent:4,/Users/inventure71/VSProjects/School/Dream2Detect/data/registries/real_relabel_registry.csv,labeled,,/Users/inventure71/VSProjects/School/Dream2Detect/data/real/source/redf0xwin_recognizing_defects_in_boxes_and_cardboard/images/0002.jpg,rgb_pad_resize_384,/Users/inventure71/VSProjects/School/Dream2Detect/data/datasets/real_labeled_dataset_current.csv
3,real_redf0xwin_0003,images/0003.jpg,not_applicable,available,labeled,,,,46-55,moderate,46-55,moderate,46-55,moderate,50,real_human_final,Real labeled image real_redf0xwin_0003,,46-55-moderate-mid.md,,,,,,,,,,,,kaggle:redf0xwin/recognizing-defects-in-boxes-and-cardboard,dent:8,/Users/inventure71/VSProjects/School/Dream2Detect/data/registries/real_relabel_registry.csv,labeled,,/Users/inventure71/VSProjects/School/Dream2Detect/data/real/source/redf0xwin_recognizing_defects_in_boxes_and_cardboard/images/0003.jpg,rgb_pad_resize_384,/Users/inventure71/VSProjects/School/Dream2Detect/data/datasets/real_labeled_dataset_current.csv
4,real_redf0xwin_0004,images/0004.jpg,not_applicable,available,labeled,,,,56-65,moderate,56-65,moderate,56-65,moderate,60,real_human_final,Real labeled image real_redf0xwin_0004,,56-65-moderate-high.md,,,,,,,,,,,,kaggle:redf0xwin/recognizing-defects-in-boxes-and-cardboard,dent:10;hole:1,/Users/inventure71/VSProjects/School/Dream2Detect/data/registries/real_relabel_registry.csv,labeled,,/Users/inventure71/VSProjects/School/Dream2Detect/data/real/source/redf0xwin_recognizing_defects_in_boxes_and_cardboard/images/0004.jpg,rgb_pad_resize_384,/Users/inventure71/VSProjects/School/Dream2Detect/data/datasets/real_labeled_dataset_current.csv
5,real_redf0xwin_0005,images/0005.jpg,not_applicable,available,labeled,,,,56-65,moderate,56-65,moderate,56-65,moderate,60,real_human_final,Real labeled image real_redf0xwin_0005,,56-65-moderate-high.md,,,,,,,,,,,,kaggle:redf0xwin/recognizing-defects-in-boxes-and-cardboard,dent:7;hole:4,/Users/inventure71/VSProjects/School/Dream2Detect/data/registries/real_relabel_registry.csv,labeled,,/Users/inventure71/VSProjects/School/Dream2Detect/data/real/source/redf0xwin_recognizing_defects_in_boxes_and_cardboard/images/0005.jpg,rgb_pad_resize_384,/Users/inventure71/VSProjects/School/Dream2Detect/data/datasets/real_labeled_dataset_current.csv
6,real_redf0xwin_0006,images/0006.jpg,not_applicable,available,labeled,,,,76-85,severe,76-85,severe,76-85,severe,80,real_human_final,Real labeled image real_redf0xwin_0006,,76-85-severe-mid.md,,,,,,,,,,,,kaggle:redf0xwin/recognizing-defects-in-boxes-and-cardboard,dent:3;hole:6,/Users/inventure71/VSProjects/School/Dream2Detect/data/registries/real_relabel_registry.csv,labeled,,/Users/inventure71/VSProjects/School/Dream2Detect/data/real/source/redf0xwin_recognizing_defects_in_boxes_and_cardboard/images/0006.jpg,rgb_pad_resize_384,/Users/inventure71/VSProjects/School/Dream2Detect/data/datasets/real_labeled_dataset_current.csv
7,real_redf0xwin_0007,images/0007.jpg,not_applicable,available,labeled,,,,36-45,moderate,36-45,moderate,36-45,moderate,40,real_human_final,Real labeled image real_redf0xwin_0007,,36-45-moderate-low.md,,,,,,,,,,,,kaggle:redf0xwin/recognizing-defects-in-boxes-and-cardboard,dent:7;hole:4,/Users/inventure71/VSProjects/School/Dream2Detect/data/registries/real_relabel_registry.csv,labeled,,/Users/inventure71/VSProjects/School/Dream2Detect/data/real/source/redf0xwin_recognizing_defects_in_boxes_and_cardboard/images/0007.jpg,rgb_pad_resize_384,/Users/inventure71/VSProjects/School/Dream2Detect/data/datasets/real_labeled_dataset_current.csv
8,real_redf0xwin_0008,images/0008.jpg,not_applicable,available,labeled,,,,36-45,moderate,36-45,moderate,36-45,moderate,40,real_human_final,Real labeled image real_redf0xwin_0008,,36-45-moderate-low.md,,,,,,,,,,,,kaggle:redf0xwin/recognizing-defects-in-boxes-and-cardboard,dent:6;hole:1,/Users/inventure71/VSProjects/School/Dream2Detect/data/registries/real_relabel_registry.csv,labeled,,/Users/inventure71/VSProjects/School/Dream2Detect/data/real/source/redf0xwin_recognizing_defects_in_boxes_and_cardboard/images/0008.jpg,rgb_pad_resize_384,/Users/inventure71/VSProjects/School/Dream2Detect/data/datasets/real_labeled_dataset_current.csv
9,real_redf0xwin_0009,images/0009.jpg,not_applicable,available,labeled,,,,46-55,moderate,46-55,moderate,46-55,moderate,50,real_human_final,Real labeled image real_redf0xwin_0009,,46-55-moderate-mid.md,,,,,,,,,,,,kaggle:redf0xwin/recognizing-defects-in-boxes-and-cardboard,dent:13,/Users/inventure71/VSProjects/School/Dream2Detect/data/registries/real_relabel_registry.csv,labeled,,/Users/inventure71/VSProjects/School/Dream2Detect/data/real/source/redf0xwin_recognizing_defects_in_boxes_and_cardboard/images/0009.jpg,rgb_pad_resize_384,/Users/inventure71/VSProjects/School/Dream2Detect/data/datasets/real_labeled_dataset_current.csv
10,real_redf0xwin_0010,images/0010.jpg,not_applicable,available,labeled,,,,46-55,moderate,46-55,moderate,46-55,moderate,50,real_human_final,Real labeled image real_redf0xwin_0010,,46-55-moderate-mid.md,,,,,,,,,,,,kaggle:redf0xwin/recognizing-defects-in-boxes-and-cardboard,dent:9;hole:1,/Users/inventure71/VSProjects/School/Dream2Detect/data/registries/real_relabel_registry.csv,labeled,,/Users/inventure71/VSProjects/School/Dream2Detect/data/real/source/redf0xwin_recognizing_defects_in_boxes_and_cardboard/images/0010.jpg,rgb_pad_resize_384,/Users/inventure71/VSProjects/School/Dream2Detect/data/datasets/real_labeled_dataset_current.csv
11,real_redf0xwin_0011,images/0011.jpg,not_applicable,available,labeled,,,,0-10,intact,0-10,intact,0-10,intact,5,real_human_final,Real labeled image real_redf0xwin_0011,,00-10-intact.md,,,,,,,,,,,,kaggle:redf0xwin/recognizing-defects-in-boxes-and-cardboard,,/Users/inventure71/VSProjects/School/Dream2Detect/data/registries/real_relabel_registry.csv,labeled,,/Users/inventure71/VSProjects/School/Dream2Detect/data/real/source/redf0xwin_recognizing_defects_in_boxes_and_cardboard/images/0011.jpg,rgb_pad_resize_384,/Users/inventure71/VSProjects/School/Dream2Detect/data/datasets/real_labeled_dataset_current.csv
12,real_redf0xwin_0012,images/0012.jpg,not_applicable,available,labeled,,,,36-45,moderate,36-45,moderate,36-45,moderate,40,real_human_final,Real labeled image real_redf0xwin_0012,,36-45-moderate-low.md,,,,,,,,,,,,kaggle:redf0xwin/recognizing-defects-in-boxes-and-cardboard,hole:2,/Users/inventure71/VSProjects/School/Dream2Detect/data/registries/real_relabel_registry.csv,labeled,,/Users/inventure71/VSProjects/School/Dream2Detect/data/real/source/redf0xwin_recognizing_defects_in_boxes_and_cardboard/images/0012.jpg,rgb_pad_resize_384,/Users/inventure71/VSProjects/School/Dream2Detect/data/datasets/real_labeled_dataset_current.csv
13,real_redf0xwin_0013,images/0013.jpg,not_applicable,available,labeled,,,,11-20,minor,11-20,minor,11-20,minor,15,real_human_final,Real labeled image real_redf0xwin_0013,,11-20-minor-low.md,,,,,,,,,,,,kaggle:redf0xwin/recognizing-defects-in-boxes-and-cardboard,,/Users/inventure71/VSProjects/School/Dream2Detect/data/registries/real_relabel_registry.csv,labeled,,/Users/inventure71/VSProjects/School/Dream2Detect/data/real/source/redf0xwin_recognizing_defects_in_boxes_and_cardboard/images/0013.jpg,rgb_pad_resize_384,/Users/inventure71/VSProjects/School/Dream2Detect/data/datasets/real_labeled_dataset_current.csv
14,real_redf0xwin_0014,images/0014.jpg,not_applicable,available,labeled,,,,36-45,moderate,36-45,moderate,36-45,moderate,40,real_human_final,Real labeled image real_redf0xwin_0014,,36-45-moderate-low.md,,,,,,,,,,,,kaggle:redf0xwin/recognizing-defects-in-boxes-and-cardboard,hole:2,/Users/inventure71/VSProjects/School/Dream2Detect/data/registries/real_relabel_registry.csv,labeled,,/Users/inventure71/VSProjects/School/Dream2Detect/data/real/source/redf0xwin_recognizing_defects_in_boxes_and_cardboard/images/0014.jpg,rgb_pad_resize_384,/Users/inventure71/VSProjects/School/Dream2Detect/data/datasets/real_labeled_dataset_current.csv
15,real_redf0xwin_0015,images/0015.jpg,not_applicable,available,labeled,,,,11-20,minor,11-20,minor,11-20,minor,15,real_human_final,Real labeled image real_redf0xwin_0015,,11-20-minor-low.md,,,,,,,,,,,,kaggle:redf0xwin/recognizing-defects-in-boxes-and-cardboard,,/Users/inventure71/VSProjects/School/Dream2Detect/data/registries/real_relabel_registry.csv,labeled,,/Users/inventure71/VSProjects/School/Dream2Detect/data/real/source/redf0xwin_recognizing_defects_in_boxes_and_cardboard/images/0015.jpg,rgb_pad_resize_384,/Users/inventure71/VSProjects/School/Dream2Detect/data/datasets/real_labeled_dataset_current.csv
16,real_redf0xwin_0016,images/0016.jpg,not_applicable,available,labeled,,,,36-45,moderate,36-45,moderate,36-45,moderate,40,real_human_final,Real labeled image real_redf0xwin_0016,,36-45-moderate-low.md,,,,,,,,,,,,kaggle:redf0xwin/recognizing-defects-in-boxes-and-cardboard,hole:2,/Users/inventure71/VSProjects/School/Dream2Detect/data/registries/real_relabel_registry.csv,labeled,,/Users/inventure71/VSProjects/School/Dream2Detect/data/real/source/redf0xwin_recognizing_defects_in_boxes_and_cardboard/images/0016.jpg,rgb_pad_resize_384,/Users/inventure71/VSProjects/School/Dream2Detect/data/datasets/real_labeled_dataset_current.csv
17,real_redf0xwin_0017,images/0017.jpg,not_applicable,available,labeled,,,,21-30,minor,21-30,minor,21-30,minor,25,real_human_final,Real labeled image real_redf0xwin_0017,,21-30-minor-mid.md,,,,,,,,,,,,kaggle:redf0xwin/recognizing-defects-in-boxes-and-cardboard,hole:3,/Users/inventure71/VSProjects/School/Dream2Detect/data/registries/real_relabel_registry.csv,labeled,,/Users/inventure71/VSProjects/School/Dream2Detect/data/real/source/redf0xwin_recognizing_defects_in_boxes_and_cardboard/images/0017.jpg,rgb_pad_resize_384,/Users/inventure71/VSProjects/School/Dream2Detect/data/datasets/real_labeled_dataset_current.csv
18,real_redf0xwin_0018,images/0018.jpg,not_applicable,available,labeled,,,,36-45,moderate,36-45,moderate,36-45,moderate,40,real_human_final,Real labeled image real_redf0xwin_0018,,36-45-moderate-low.md,,,,,,,,,,,,kaggle:redf0xwin/recognizing-defects-in-boxes-and-cardboard,dent:1;hole:3,/Users/inventure71/VSProjects/School/Dream2Detect/data/registries/real_relabel_registry.csv,labeled,,/Users/inventure71/VSProjects/School/Dream2Detect/data/real/source/redf0xwin_recognizing_defects_in_boxes_and_cardboard/images/0018.jpg,rgb_pad_resize_384,/Users/inventure71/VSProjects/School/Dream2Detect/data/datasets/real_labeled_dataset_current.csv
19,real_redf0xwin_0019,images/0019.jpg,not_applicable,available,labeled,,,,31-35,minor,31-35,minor,31-35,minor,33,real_human_final,Real labeled image real_redf0xwin_0019,,31-35-minor-high.md,,,,,,,,,,,,kaggle:redf0xwin/recognizing-defects-in-boxes-and-cardboard,,/Users/inventure71/VSProjects/School/Dream2Detect/data/registries/real_relabel_registry.csv,labeled,,/Users/inventure71/VSProjects/School/Dream2Detect/data/real/source/redf0xwin_recognizing_defects_in_boxes_and_cardboard/images/0019.jpg,rgb_pad_resize_384,/Users/inventure71/VSProjects/School/Dream2Detect/data/datasets/real_labeled_dataset_current.csv
20,real_redf0xwin_0020,images/0020.jpg,not_applicable,available,labeled,,,,46-55,moderate,46-55,moderate,46-55,moderate,50,real_human_final,Real labeled image real_redf0xwin_0020,,46-55-moderate-mid.md,,,,,,,,,,,,kaggle:redf0xwin/recognizing-defects-in-boxes-and-cardboard,dent:1;hole:2,/Users/inventure71/VSProjects/School/Dream2Detect/data/registries/real_relabel_registry.csv,labeled,,/Users/inventure71/VSProjects/School/Dream2Detect/data/real/source/redf0xwin_recognizing_defects_in_boxes_and_cardboard/images/0020.jpg,rgb_pad_resize_384,/Users/inventure71/VSProjects/School/Dream2Detect/data/datasets/real_labeled_dataset_current.csv
21,real_redf0xwin_0021,images/0021.jpg,not_applicable,available,labeled,,,,36-45,moderate,36-45,moderate,36-45,moderate,40,real_human_final,Real labeled image real_redf0xwin_0021,,36-45-moderate-low.md,,,,,,,,,,,,kaggle:redf0xwin/recognizing-defects-in-boxes-and-cardboard,dent:2,/Users/inventure71/VSProjects/School/Dream2Detect/data/registries/real_relabel_registry.csv,labeled,,/Users/inventure71/VSProjects/School/Dream2Detect/data/real/source/redf0xwin_recognizing_defects_in_boxes_and_cardboard/images/0021.jpg,rgb_pad_resize_384,/Users/inventure71/VSProjects/School/Dream2Detect/data/datasets/real_labeled_dataset_current.csv
22,real_redf0xwin_0022,images/0022.jpg,not_applicable,available,labeled,,,,11-20,minor,11-20,minor,11-20,minor,15,real_human_final,Real labeled image real_redf0xwin_0022,,11-20-minor-low.md,,,,,,,,,,,,kaggle:redf0xwin/recognizing-defects-in-boxes-and-cardboard,,/Users/inventure71/VSProjects/School/Dream2Detect/data/registries/real_relabel_registry.csv,labeled,,/Users/inventure71/VSProjects/School/Dream2Detect/data/real/source/redf0xwin_recognizing_defects_in_boxes_and_cardboard/images/0022.jpg,rgb_pad_resize_384,/Users/inventure71/VSProjects/School/Dream2Detect/data/datasets/real_labeled_dataset_current.csv
23,real_redf0xwin_0023,images/0023.jpg,not_applicable,available,labeled,,,,36-45,moderate,36-45,moderate,36-45,moderate,40,real_human_final,Real labeled image real_redf0xwin_0023,,36-45-moderate-low.md,,,,,,,,,,,,kaggle:redf0xwin/recognizing-defects-in-boxes-and-cardboard,hole:2,/Users/inventure71/VSProjects/School/Dream2Detect/data/registries/real_relabel_registry.csv,labeled,,/Users/inventure71/VSProjects/School/Dream2Detect/data/real/source/redf0xwin_recognizing_defects_in_boxes_and_cardboard/images/0023.jpg,rgb_pad_resize_384,/Users/inventure71/VSProjects/School/Dream2Detect/data/datasets/real_labeled_dataset_current.csv
24,real_redf0xwin_0024,images/0024.jpg,not_applicable,available,labeled,,,,36-45,moderate,36-45,moderate,36-45,moderate,40,real_human_final,Real labeled image real_redf0xwin_0024,,36-45-moderate-low.md,,,,,,,,,,,,kaggle:redf0xwin/recognizing-defects-in-boxes-and-cardboard,dent:1;hole:2,/Users/inventure71/VSProjects/School/Dream2Detect/data/registries/real_relabel_registry.csv,labeled,,/Users/inventure71/VSProjects/School/Dream2Detect/data/real/source/redf0xwin_recognizing_defects_in_boxes_and_cardboard/images/0024.jpg,rgb_pad_resize_384,/Users/inventure71/VSProjects/School/Dream2Detect/data/datasets/real_labeled_dataset_current.csv
25,real_redf0xwin_0025,images/0025.jpg,not_applicable,available,labeled,,,,66-75,severe,66-75,severe,66-75,severe,70,real_human_final,Real labeled image real_redf0xwin_0025,,66-75-severe-low.md,,,,,,,,,,,,kaggle:redf0xwin/recognizing-defects-in-boxes-and-cardboard,dent:5;dirt:5;hole:10,/Users/inventure71/VSProjects/School/Dream2Detect/data/registries/real_relabel_registry.csv,labeled,,/Users/inventure71/VSProjects/School/Dream2Detect/data/real/source/redf0xwin_recognizing_defects_in_boxes_and_cardboard/images/0025.jpg,rgb_pad_resize_384,/Users/inventure71/VSProjects/School/Dream2Detect/data/datasets/real_labeled_dataset_current.csv
26,real_redf0xwin_0026,images/0026.jpg,not_applicable,available,labeled,,,,76-85,severe,76-85,severe,76-85,severe,80,real_human_final,Real labeled image real_redf0xwin_0026,,76-85-severe-mid.md,,,,,,,,,,,,kaggle:redf0xwin/recognizing-defects-in-boxes-and-cardboard,dent:5;hole:1,/Users/inventure71/VSProjects/School/Dream2Detect/data/registries/real_relabel_registry.csv,labeled,,/Users/inventure71/VSProjects/School/Dream2Detect/data/real/source/redf0xwin_recognizing_defects_in_boxes_and_cardboard/images/0026.jpg,rgb_pad_resize_384,/Users/inventure71/VSProjects/School/Dream2Detect/data/datasets/real_labeled_dataset_current.csv
27,real_redf0xwin_0027,images/0027.jpg,not_applicable,available,labeled,,,,76-85,severe,76-85,severe,76-85,severe,80,real_human_final,Real labeled image real_redf0xwin_0027,,76-85-severe-mid.md,,,,,,,,,,,,kaggle:redf0xwin/recognizing-defects-in-boxes-and-cardboard,dent:21;dirt:3;hole:4,/Users/inventure71/VSProjects/School/Dream2Detect/data/registries/real_relabel_registry.csv,labeled,,/Users/inventure71/VSProjects/School/Dream2Detect/data/real/source/redf0xwin_recognizing_defects_in_boxes_and_cardboard/images/0027.jpg,rgb_pad_resize_384,/Users/inventure71/VSProjects/School/Dream2Detect/data/datasets/real_labeled_dataset_current.csv
28,real_redf0xwin_0028,images/0028.jpg,not_applicable,available,labeled,,,,46-55,moderate,46-55,moderate,46-55,moderate,50,real_human_final,Real labeled image real_redf0xwin_0028,,46-55-moderate-mid.md,,,,,,,,,,,,kaggle:redf0xwin/recognizing-defects-in-boxes-and-cardboard,dent:1;dirt:1,/Users/inventure71/VSProjects/School/Dream2Detect/data/registries/real_relabel_registry.csv,labeled,,/Users/inventure71/VSProjects/School/Dream2Detect/data/real/source/redf0xwin_recognizing_defects_in_boxes_and_cardboard/images/0028.jpg,rgb_pad_resize_384,/Users/inventure71/VSProjects/School/Dream2Detect/data/datasets/real_labeled_dataset_current.csv
29,real_redf0xwin_0029,images/0029.jpg,not_applicable,available,labeled,,,,56-65,moderate,56-65,moderate,56-65,moderate,60,real_human_final,Real labeled image real_redf0xwin_0029,,56-65-moderate-high.md,,,,,,,,,,,,kaggle:redf0xwin/recognizing-defects-in-boxes-and-cardboard,dent:11;hole:3,/Users/inventure71/VSProjects/School/Dream2Detect/data/registries/real_relabel_registry.csv,labeled,,/Users/inventure71/VSProjects/School/Dream2Detect/data/real/source/redf0xwin_recognizing_defects_in_boxes_and_cardboard/images/0029.jpg,rgb_pad_resize_384,/Users/inventure71/VSProjects/School/Dream2Detect/data/datasets/real_labeled_dataset_current.csv
30,real_redf0xwin_0030,images/0030.jpg,not_applicable,available,labeled,,,,66-75,severe,66-75,severe,66-75,severe,70,real_human_final,Real labeled image real_redf0xwin_0030,,66-75-severe-low.md,,,,,,,,,,,,kaggle:redf0xwin/recognizing-defects-in-boxes-and-cardboard,dent:11;dirt:4;hole:1,/Users/inventure71/VSProjects/School/Dream2Detect/data/registries/real_relabel_registry.csv,labeled,,/Users/inventure71/VSProjects/School/Dream2Detect/data/real/source/redf0xwin_recognizing_defects_in_boxes_and_cardboard/images/0030.jpg,rgb_pad_resize_384,/Users/inventure71/VSProjects/School/Dream2Detect/data/datasets/real_labeled_dataset_current.csv
31,real_redf0xwin_0031,images/0031.jpg,not_applicable,available,labeled,,,,0-10,intact,0-10,intact,0-10,intact,5,real_human_final,Real labeled image real_redf0xwin_0031,,00-10-intact.md,,,,,,,,,,,,kaggle:redf0xwin/recognizing-defects-in-boxes-and-cardboard,,/Users/inventure71/VSProjects/School/Dream2Detect/data/registries/real_relabel_registry.csv,labeled,,/Users/inventure71/VSProjects/School/Dream2Detect/data/real/source/redf0xwin_recognizing_defects_in_boxes_and_cardboard/images/0031.jpg,rgb_pad_resize_384,/Users/inventure71/VSProjects/School/Dream2Detect/data/datasets/real_labeled_dataset_current.csv
32,real_redf0xwin_0032,images/0032.jpg,not_applicable,available,labeled,,,,0-10,intact,0-10,intact,0-10,intact,5,real_human_final,Real labeled image real_redf0xwin_0032,,00-10-intact.md,,,,,,,,,,,,kaggle:redf0xwin/recognizing-defects-in-boxes-and-cardboard,,/Users/inventure71/VSProjects/School/Dream2Detect/data/registries/real_relabel_registry.csv,labeled,,/Users/inventure71/VSProjects/School/Dream2Detect/data/real/source/redf0xwin_recognizing_defects_in_boxes_and_cardboard/images/0032.jpg,rgb_pad_resize_384,/Users/inventure71/VSProjects/School/Dream2Detect/data/datasets/real_labeled_dataset_current.csv
33,real_redf0xwin_0033,images/0033.jpg,not_applicable,available,labeled,,,,0-10,intact,0-10,intact,0-10,intact,5,real_human_final,Real labeled image real_redf0xwin_0033,,00-10-intact.md,,,,,,,,,,,,kaggle:redf0xwin/recognizing-defects-in-boxes-and-cardboard,,/Users/inventure71/VSProjects/School/Dream2Detect/data/registries/real_relabel_registry.csv,labeled,,/Users/inventure71/VSProjects/School/Dream2Detect/data/real/source/redf0xwin_recognizing_defects_in_boxes_and_cardboard/images/0033.jpg,rgb_pad_resize_384,/Users/inventure71/VSProjects/School/Dream2Detect/data/datasets/real_labeled_dataset_current.csv
34,real_redf0xwin_0034,images/0034.jpg,not_applicable,available,labeled,,,,0-10,intact,0-10,intact,0-10,intact,5,real_human_final,Real labeled image real_redf0xwin_0034,,00-10-intact.md,,,,,,,,,,,,kaggle:redf0xwin/recognizing-defects-in-boxes-and-cardboard,,/Users/inventure71/VSProjects/School/Dream2Detect/data/registries/real_relabel_registry.csv,labeled,,/Users/inventure71/VSProjects/School/Dream2Detect/data/real/source/redf0xwin_recognizing_defects_in_boxes_and_cardboard/images/0034.jpg,rgb_pad_resize_384,/Users/inventure71/VSProjects/School/Dream2Detect/data/datasets/real_labeled_dataset_current.csv
35,real_redf0xwin_0035,images/0035.jpg,not_applicable,available,labeled,,,,11-20,minor,11-20,minor,11-20,minor,15,real_human_final,Real labeled image real_redf0xwin_0035,,11-20-minor-low.md,,,,,,,,,,,,kaggle:redf0xwin/recognizing-defects-in-boxes-and-cardboard,,/Users/inventure71/VSProjects/School/Dream2Detect/data/registries/real_relabel_registry.csv,labeled,,/Users/inventure71/VSProjects/School/Dream2Detect/data/real/source/redf0xwin_recognizing_defects_in_boxes_and_cardboard/images/0035.jpg,rgb_pad_resize_384,/Users/inventure71/VSProjects/School/Dream2Detect/data/datasets/real_labeled_dataset_current.csv
36,real_redf0xwin_0036,images/0036.jpg,not_applicable,available,labeled,,,,11-20,minor,11-20,minor,11-20,minor,15,real_human_final,Real labeled image real_redf0xwin_0036,,11-20-minor-low.md,,,,,,,,,,,,kaggle:redf0xwin/recognizing-defects-in-boxes-and-cardboard,,/Users/inventure71/VSProjects/School/Dream2Detect/data/registries/real_relabel_registry.csv,labeled,,/Users/inventure71/VSProjects/School/Dream2Detect/data/real/source/redf0xwin_recognizing_defects_in_boxes_and_cardboard/images/0036.jpg,rgb_pad_resize_384,/Users/inventure71/VSProjects/School/Dream2Detect/data/datasets/real_labeled_dataset_current.csv
37,real_redf0xwin_0037,images/0037.jpg,not_applicable,available,labeled,,,,21-30,minor,21-30,minor,21-30,minor,25,real_human_final,Real labeled image real_redf0xwin_0037,,21-30-minor-mid.md,,,,,,,,,,,,kaggle:redf0xwin/recognizing-defects-in-boxes-and-cardboard,,/Users/inventure71/VSProjects/School/Dream2Detect/data/registries/real_relabel_registry.csv,labeled,,/Users/inventure71/VSProjects/School/Dream2Detect/data/real/source/redf0xwin_recognizing_defects_in_boxes_and_cardboard/images/0037.jpg,rgb_pad_resize_384,/Users/inventure71/VSProjects/School/Dream2Detect/data/datasets/real_labeled_dataset_current.csv
38,real_redf0xwin_0038,images/0038.jpg,not_applicable,available,labeled,,,,66-75,severe,66-75,severe,66-75,severe,70,real_human_final,Real labeled image real_redf0xwin_0038,,66-75-severe-low.md,,,,,,,,,,,,kaggle:redf0xwin/recognizing-defects-in-boxes-and-cardboard,dent:31,/Users/inventure71/VSProjects/School/Dream2Detect/data/registries/real_relabel_registry.csv,labeled,,/Users/inventure71/VSProjects/School/Dream2Detect/data/real/source/redf0xwin_recognizing_defects_in_boxes_and_cardboard/images/0038.jpg,rgb_pad_resize_384,/Users/inventure71/VSProjects/School/Dream2Detect/data/datasets/real_labeled_dataset_current.csv
39,real_redf0xwin_0039,images/0039.jpg,not_applicable,available,labeled,,,,46-55,moderate,46-55,moderate,46-55,moderate,50,real_human_final,Real labeled image real_redf0xwin_0039,,46-55-moderate-mid.md,,,,,,,,,,,,kaggle:redf0xwin/recognizing-defects-in-boxes-and-cardboard,dent:4;hole:1,/Users/inventure71/VSProjects/School/Dream2Detect/data/registries/real_relabel_registry.csv,labeled,,/Users/inventure71/VSProjects/School/Dream2Detect/data/real/source/redf0xwin_recognizing_defects_in_boxes_and_cardboard/images/0039.jpg,rgb_pad_resize_384,/Users/inventure71/VSProjects/School/Dream2Detect/data/datasets/real_labeled_dataset_current.csv
40,real_redf0xwin_0040,images/0040.jpg,not_applicable,available,labeled,,,,31-35,minor,31-35,minor,31-35,minor,33,real_human_final,Real labeled image real_redf0xwin_0040,,31-35-minor-high.md,,,,,,,,,,,,kaggle:redf0xwin/recognizing-defects-in-boxes-and-cardboard,hole:1,/Users/inventure71/VSProjects/School/Dream2Detect/data/registries/real_relabel_registry.csv,labeled,,/Users/inventure71/VSProjects/School/Dream2Detect/data/real/source/redf0xwin_recognizing_defects_in_boxes_and_cardboard/images/0040.jpg,rgb_pad_resize_384,/Users/inventure71/VSProjects/School/Dream2Detect/data/datasets/real_labeled_dataset_current.csv
41,real_redf0xwin_0041,images/0041.jpg,not_applicable,available,labeled,,,,46-55,moderate,46-55,moderate,46-55,moderate,50,real_human_final,Real labeled image real_redf0xwin_0041,,46-55-moderate-mid.md,,,,,,,,,,,,kaggle:redf0xwin/recognizing-defects-in-boxes-and-cardboard,dent:3,/Users/inventure71/VSProjects/School/Dream2Detect/data/registries/real_relabel_registry.csv,labeled,,/Users/inventure71/VSProjects/School/Dream2Detect/data/real/source/redf0xwin_recognizing_defects_in_boxes_and_cardboard/images/0041.jpg,rgb_pad_resize_384,/Users/inventure71/VSProjects/School/Dream2Detect/data/datasets/real_labeled_dataset_current.csv
42,real_redf0xwin_0042,images/0042.jpg,not_applicable,available,labeled,,,,66-75,severe,66-75,severe,66-75,severe,70,real_human_final,Real labeled image real_redf0xwin_0042,,66-75-severe-low.md,,,,,,,,,,,,kaggle:redf0xwin/recognizing-defects-in-boxes-and-cardboard,dent:3;hole:1,/Users/inventure71/VSProjects/School/Dream2Detect/data/registries/real_relabel_registry.csv,labeled,,/Users/inventure71/VSProjects/School/Dream2Detect/data/real/source/redf0xwin_recognizing_defects_in_boxes_and_cardboard/images/0042.jpg,rgb_pad_resize_384,/Users/inventure71/VSProjects/School/Dream2Detect/data/datasets/real_labeled_dataset_current.csv
43,real_redf0xwin_0043,images/0043.jpg,not_applicable,available,labeled,,,,21-30,minor,21-30,minor,21-30,minor,25,real_human_final,Real labeled image real_redf0xwin_0043,,21-30-minor-mid.md,,,,,,,,,,,,kaggle:redf0xwin/recognizing-defects-in-boxes-and-cardboard,,/Users/inventure71/VSProjects/School/Dream2Detect/data/registries/real_relabel_registry.csv,labeled,,/Users/inventure71/VSProjects/School/Dream2Detect/data/real/source/redf0xwin_recognizing_defects_in_boxes_and_cardboard/images/0043.jpg,rgb_pad_resize_384,/Users/inventure71/VSProjects/School/Dream2Detect/data/datasets/real_labeled_dataset_current.csv
44,real_redf0xwin_0044,images/0044.jpg,not_applicable,available,labeled,,,,46-55,moderate,46-55,moderate,46-55,moderate,50,real_human_final,Real labeled image real_redf0xwin_0044,,46-55-moderate-mid.md,,,,,,,,,,,,kaggle:redf0xwin/recognizing-defects-in-boxes-and-cardboard,dent:5,/Users/inventure71/VSProjects/School/Dream2Detect/data/registries/real_relabel_registry.csv,labeled,,/Users/inventure71/VSProjects/School/Dream2Detect/data/real/source/redf0xwin_recognizing_defects_in_boxes_and_cardboard/images/0044.jpg,rgb_pad_resize_384,/Users/inventure71/VSProjects/School/Dream2Detect/data/datasets/real_labeled_dataset_current.csv
45,real_redf0xwin_0045,images/0045.jpg,not_applicable,available,labeled,,,,46-55,moderate,46-55,moderate,46-55,moderate,50,real_human_final,Real labeled image real_redf0xwin_0045,,46-55-moderate-mid.md,,,,,,,,,,,,kaggle:redf0xwin/recognizing-defects-in-boxes-and-cardboard,dent:1,/Users/inventure71/VSProjects/School/Dream2Detect/data/registries/real_relabel_registry.csv,labeled,,/Users/inventure71/VSProjects/School/Dream2Detect/data/real/source/redf0xwin_recognizing_defects_in_boxes_and_cardboard/images/0045.jpg,rgb_pad_resize_384,/Users/inventure71/VSProjects/School/Dream2Detect/data/datasets/real_labeled_dataset_current.csv
46,real_redf0xwin_0046,images/0046.jpg,not_applicable,available,labeled,,,,86-100,severe,86-100,severe,86-100,severe,93,real_human_final,Real labeled image real_redf0xwin_0046,,86-100-severe-high.md,,,,,,,,,,,,kaggle:redf0xwin/recognizing-defects-in-boxes-and-cardboard,dent:3;hole:3,/Users/inventure71/VSProjects/School/Dream2Detect/data/registries/real_relabel_registry.csv,labeled,,/Users/inventure71/VSProjects/School/Dream2Detect/data/real/source/redf0xwin_recognizing_defects_in_boxes_and_cardboard/images/0046.jpg,rgb_pad_resize_384,/Users/inventure71/VSProjects/School/Dream2Detect/data/datasets/real_labeled_dataset_current.csv
47,real_redf0xwin_0047,images/0047.jpg,not_applicable,available,labeled,,,,46-55,moderate,46-55,moderate,46-55,moderate,50,real_human_final,Real labeled image real_redf0xwin_0047,,46-55-moderate-mid.md,,,,,,,,,,,,kaggle:redf0xwin/recognizing-defects-in-boxes-and-cardboard,hole:2,/Users/inventure71/VSProjects/School/Dream2Detect/data/registries/real_relabel_registry.csv,labeled,,/Users/inventure71/VSProjects/School/Dream2Detect/data/real/source/redf0xwin_recognizing_defects_in_boxes_and_cardboard/images/0047.jpg,rgb_pad_resize_384,/Users/inventure71/VSProjects/School/Dream2Detect/data/datasets/real_labeled_dataset_current.csv
48,real_redf0xwin_0048,images/0048.jpg,not_applicable,available,labeled,,,,66-75,severe,66-75,severe,66-75,severe,70,real_human_final,Real labeled image real_redf0xwin_0048,,66-75-severe-low.md,,,,,,,,,,,,kaggle:redf0xwin/recognizing-defects-in-boxes-and-cardboard,dirt:6;hole:2,/Users/inventure71/VSProjects/School/Dream2Detect/data/registries/real_relabel_registry.csv,labeled,,/Users/inventure71/VSProjects/School/Dream2Detect/data/real/source/redf0xwin_recognizing_defects_in_boxes_and_cardboard/images/0048.jpg,rgb_pad_resize_384,/Users/inventure71/VSProjects/School/Dream2Detect/data/datasets/real_labeled_dataset_current.csv
49,real_redf0xwin_0049,images/0049.jpg,not_applicable,available,labeled,,,,86-100,severe,86-100,severe,86-100,severe,93,real_human_final,Real labeled image real_redf0xwin_0049,,86-100-severe-high.md,,,,,,,,,,,,kaggle:redf0xwin/recognizing-defects-in-boxes-and-cardboard,dent:23;dirt:9;hole:1,/Users/inventure71/VSProjects/School/Dream2Detect/data/registries/real_relabel_registry.csv,labeled,,/Users/inventure71/VSProjects/School/Dream2Detect/data/real/source/redf0xwin_recognizing_defects_in_boxes_and_cardboard/images/0049.jpg,rgb_pad_resize_384,/Users/inventure71/VSProjects/School/Dream2Detect/data/datasets/real_labeled_dataset_current.csv
50,real_redf0xwin_0050,images/0050.jpg,not_applicable,available,labeled,,,,0-10,intact,0-10,intact,0-10,intact,5,real_human_final,Real labeled image real_redf0xwin_0050,,00-10-intact.md,,,,,,,,,,,,kaggle:redf0xwin/recognizing-defects-in-boxes-and-cardboard,,/Users/inventure71/VSProjects/School/Dream2Detect/data/registries/real_relabel_registry.csv,labeled,,/Users/inventure71/VSProjects/School/Dream2Detect/data/real/source/redf0xwin_recognizing_defects_in_boxes_and_cardboard/images/0050.jpg,rgb_pad_resize_384,/Users/inventure71/VSProjects/School/Dream2Detect/data/datasets/real_labeled_dataset_current.csv
51,real_redf0xwin_0051,images/0051.jpg,not_applicable,available,labeled,,,,11-20,minor,11-20,minor,11-20,minor,15,real_human_final,Real labeled image real_redf0xwin_0051,,11-20-minor-low.md,,,,,,,,,,,,kaggle:redf0xwin/recognizing-defects-in-boxes-and-cardboard,,/Users/inventure71/VSProjects/School/Dream2Detect/data/registries/real_relabel_registry.csv,labeled,,/Users/inventure71/VSProjects/School/Dream2Detect/data/real/source/redf0xwin_recognizing_defects_in_boxes_and_cardboard/images/0051.jpg,rgb_pad_resize_384,/Users/inventure71/VSProjects/School/Dream2Detect/data/datasets/real_labeled_dataset_current.csv
52,real_redf0xwin_0052,images/0052.jpg,not_applicable,available,labeled,,,,11-20,minor,11-20,minor,11-20,minor,15,real_human_final,Real labeled image real_redf0xwin_0052,,11-20-minor-low.md,,,,,,,,,,,,kaggle:redf0xwin/recognizing-defects-in-boxes-and-cardboard,,/Users/inventure71/VSProjects/School/Dream2Detect/data/registries/real_relabel_registry.csv,labeled,,/Users/inventure71/VSProjects/School/Dream2Detect/data/real/source/redf0xwin_recognizing_defects_in_boxes_and_cardboard/images/0052.jpg,rgb_pad_resize_384,/Users/inventure71/VSProjects/School/Dream2Detect/data/datasets/real_labeled_dataset_current.csv
53,real_redf0xwin_0053,images/0053.jpg,not_applicable,available,labeled,,,,11-20,minor,11-20,minor,11-20,minor,15,real_human_final,Real labeled image real_redf0xwin_0053,,11-20-minor-low.md,,,,,,,,,,,,kaggle:redf0xwin/recognizing-defects-in-boxes-and-cardboard,,/Users/inventure71/VSProjects/School/Dream2Detect/data/registries/real_relabel_registry.csv,labeled,,/Users/inventure71/VSProjects/School/Dream2Detect/data/real/source/redf0xwin_recognizing_defects_in_boxes_and_cardboard/images/0053.jpg,rgb_pad_resize_384,/Users/inventure71/VSProjects/School/Dream2Detect/data/datasets/real_labeled_dataset_current.csv
54,real_redf0xwin_0054,images/0054.jpg,not_applicable,available,labeled,,,,21-30,minor,21-30,minor,21-30,minor,25,real_human_final,Real labeled image real_redf0xwin_0054,,21-30-minor-mid.md,,,,,,,,,,,,kaggle:redf0xwin/recognizing-defects-in-boxes-and-cardboard,,/Users/inventure71/VSProjects/School/Dream2Detect/data/registries/real_relabel_registry.csv,labeled,,/Users/inventure71/VSProjects/School/Dream2Detect/data/real/source/redf0xwin_recognizing_defects_in_boxes_and_cardboard/images/0054.jpg,rgb_pad_resize_384,/Users/inventure71/VSProjects/School/Dream2Detect/data/datasets/real_labeled_dataset_current.csv
55,real_redf0xwin_0055,images/0055.jpg,not_applicable,available,labeled,,,,31-35,minor,31-35,minor,31-35,minor,33,real_human_final,Real labeled image real_redf0xwin_0055,,31-35-minor-high.md,,,,,,,,,,,,kaggle:redf0xwin/recognizing-defects-in-boxes-and-cardboard,,/Users/inventure71/VSProjects/School/Dream2Detect/data/registries/real_relabel_registry.csv,labeled,,/Users/inventure71/VSProjects/School/Dream2Detect/data/real/source/redf0xwin_recognizing_defects_in_boxes_and_cardboard/images/0055.jpg,rgb_pad_resize_384,/Users/inventure71/VSProjects/School/Dream2Detect/data/datasets/real_labeled_dataset_current.csv
56,real_redf0xwin_0056,images/0056.jpg,not_applicable,available,labeled,,,,11-20,minor,11-20,minor,11-20,minor,15,real_human_final,Real labeled image real_redf0xwin_0056,,11-20-minor-low.md,,,,,,,,,,,,kaggle:redf0xwin/recognizing-defects-in-boxes-and-cardboard,,/Users/inventure71/VSProjects/School/Dream2Detect/data/registries/real_relabel_registry.csv,labeled,,/Users/inventure71/VSProjects/School/Dream2Detect/data/real/source/redf0xwin_recognizing_defects_in_boxes_and_cardboard/images/0056.jpg,rgb_pad_resize_384,/Users/inventure71/VSProjects/School/Dream2Detect/data/datasets/real_labeled_dataset_current.csv
57,real_redf0xwin_0057,images/0057.jpg,not_applicable,available,labeled,,,,36-45,moderate,36-45,moderate,36-45,moderate,40,real_human_final,Real labeled image real_redf0xwin_0057,,36-45-moderate-low.md,,,,,,,,,,,,kaggle:redf0xwin/recognizing-defects-in-boxes-and-cardboard,dent:16,/Users/inventure71/VSProjects/School/Dream2Detect/data/registries/real_relabel_registry.csv,labeled,,/Users/inventure71/VSProjects/School/Dream2Detect/data/real/source/redf0xwin_recognizing_defects_in_boxes_and_cardboard/images/0057.jpg,rgb_pad_resize_384,/Users/inventure71/VSProjects/School/Dream2Detect/data/datasets/real_labeled_dataset_current.csv
58,real_redf0xwin_0058,images/0058.jpg,not_applicable,available,labeled,,,,56-65,moderate,56-65,moderate,56-65,moderate,60,real_human_final,Real labeled image real_redf0xwin_0058,,56-65-moderate-high.md,,,,,,,,,,,,kaggle:redf0xwin/recognizing-defects-in-boxes-and-cardboard,dent:4;hole:1,/Users/inventure71/VSProjects/School/Dream2Detect/data/registries/real_relabel_registry.csv,labeled,,/Users/inventure71/VSProjects/School/Dream2Detect/data/real/source/redf0xwin_recognizing_defects_in_boxes_and_cardboard/images/0058.jpg,rgb_pad_resize_384,/Users/inventure71/VSProjects/School/Dream2Detect/data/datasets/real_labeled_dataset_current.csv
59,real_redf0xwin_0059,images/0059.jpg,not_applicable,available,labeled,,,,46-55,moderate,46-55,moderate,46-55,moderate,50,real_human_final,Real labeled image real_redf0xwin_0059,,46-55-moderate-mid.md,,,,,,,,,,,,kaggle:redf0xwin/recognizing-defects-in-boxes-and-cardboard,dent:9;hole:2,/Users/inventure71/VSProjects/School/Dream2Detect/data/registries/real_relabel_registry.csv,labeled,,/Users/inventure71/VSProjects/School/Dream2Detect/data/real/source/redf0xwin_recognizing_defects_in_boxes_and_cardboard/images/0059.jpg,rgb_pad_resize_384,/Users/inventure71/VSProjects/School/Dream2Detect/data/datasets/real_labeled_dataset_current.csv
60,real_redf0xwin_0060,images/0060.jpg,not_applicable,available,labeled,,,,46-55,moderate,46-55,moderate,46-55,moderate,50,real_human_final,Real labeled image real_redf0xwin_0060,,46-55-moderate-mid.md,,,,,,,,,,,,kaggle:redf0xwin/recognizing-defects-in-boxes-and-cardboard,dent:1;hole:3,/Users/inventure71/VSProjects/School/Dream2Detect/data/registries/real_relabel_registry.csv,labeled,,/Users/inventure71/VSProjects/School/Dream2Detect/data/real/source/redf0xwin_recognizing_defects_in_boxes_and_cardboard/images/0060.jpg,rgb_pad_resize_384,/Users/inventure71/VSProjects/School/Dream2Detect/data/datasets/real_labeled_dataset_current.csv
61,real_redf0xwin_0061,images/0061.jpg,not_applicable,available,labeled,,,,11-20,minor,11-20,minor,11-20,minor,15,real_human_final,Real labeled image real_redf0xwin_0061,,11-20-minor-low.md,,,,,,,,,,,,kaggle:redf0xwin/recognizing-defects-in-boxes-and-cardboard,,/Users/inventure71/VSProjects/School/Dream2Detect/data/registries/real_relabel_registry.csv,labeled,,/Users/inventure71/VSProjects/School/Dream2Detect/data/real/source/redf0xwin_recognizing_defects_in_boxes_and_cardboard/images/0061.jpg,rgb_pad_resize_384,/Users/inventure71/VSProjects/School/Dream2Detect/data/datasets/real_labeled_dataset_current.csv
62,real_redf0xwin_0062,images/0062.jpg,not_applicable,available,labeled,,,,36-45,moderate,36-45,moderate,36-45,moderate,40,real_human_final,Real labeled image real_redf0xwin_0062,,36-45-moderate-low.md,,,,,,,,,,,,kaggle:redf0xwin/recognizing-defects-in-boxes-and-cardboard,dent:4,/Users/inventure71/VSProjects/School/Dream2Detect/data/registries/real_relabel_registry.csv,labeled,,/Users/inventure71/VSProjects/School/Dream2Detect/data/real/source/redf0xwin_recognizing_defects_in_boxes_and_cardboard/images/0062.jpg,rgb_pad_resize_384,/Users/inventure71/VSProjects/School/Dream2Detect/data/datasets/real_labeled_dataset_current.csv
63,real_redf0xwin_0063,images/0063.jpg,not_applicable,available,labeled,,,,76-85,severe,76-85,severe,76-85,severe,80,real_human_final,Real labeled image real_redf0xwin_0063,,76-85-severe-mid.md,,,,,,,,,,,,kaggle:redf0xwin/recognizing-defects-in-boxes-and-cardboard,dent:8;hole:2,/Users/inventure71/VSProjects/School/Dream2Detect/data/registries/real_relabel_registry.csv,labeled,,/Users/inventure71/VSProjects/School/Dream2Detect/data/real/source/redf0xwin_recognizing_defects_in_boxes_and_cardboard/images/0063.jpg,rgb_pad_resize_384,/Users/inventure71/VSProjects/School/Dream2Detect/data/datasets/real_labeled_dataset_current.csv
64,real_redf0xwin_0064,images/0064.jpg,not_applicable,available,labeled,,,,76-85,severe,76-85,severe,76-85,severe,80,real_human_final,Real labeled image real_redf0xwin_0064,,76-85-severe-mid.md,,,,,,,,,,,,kaggle:redf0xwin/recognizing-defects-in-boxes-and-cardboard,dent:5,/Users/inventure71/VSProjects/School/Dream2Detect/data/registries/real_relabel_registry.csv,labeled,,/Users/inventure71/VSProjects/School/Dream2Detect/data/real/source/redf0xwin_recognizing_defects_in_boxes_and_cardboard/images/0064.jpg,rgb_pad_resize_384,/Users/inventure71/VSProjects/School/Dream2Detect/data/datasets/real_labeled_dataset_current.csv
65,real_redf0xwin_0065,images/0065.jpg,not_applicable,available,labeled,,,,11-20,minor,11-20,minor,11-20,minor,15,real_human_final,Real labeled image real_redf0xwin_0065,,11-20-minor-low.md,,,,,,,,,,,,kaggle:redf0xwin/recognizing-defects-in-boxes-and-cardboard,hole:1,/Users/inventure71/VSProjects/School/Dream2Detect/data/registries/real_relabel_registry.csv,labeled,,/Users/inventure71/VSProjects/School/Dream2Detect/data/real/source/redf0xwin_recognizing_defects_in_boxes_and_cardboard/images/0065.jpg,rgb_pad_resize_384,/Users/inventure71/VSProjects/School/Dream2Detect/data/datasets/real_labeled_dataset_current.csv
66,real_redf0xwin_0066,images/0066.jpg,not_applicable,available,labeled,,,,66-75,severe,66-75,severe,66-75,severe,70,real_human_final,Real labeled image real_redf0xwin_0066,,66-75-severe-low.md,,,,,,,,,,,,kaggle:redf0xwin/recognizing-defects-in-boxes-and-cardboard,dent:18;hole:1,/Users/inventure71/VSProjects/School/Dream2Detect/data/registries/real_relabel_registry.csv,labeled,,/Users/inventure71/VSProjects/School/Dream2Detect/data/real/source/redf0xwin_recognizing_defects_in_boxes_and_cardboard/images/0066.jpg,rgb_pad_resize_384,/Users/inventure71/VSProjects/School/Dream2Detect/data/datasets/real_labeled_dataset_current.csv
67,real_redf0xwin_0067,images/0067.jpg,not_applicable,available,labeled,,,,56-65,moderate,56-65,moderate,56-65,moderate,60,real_human_final,Real labeled image real_redf0xwin_0067,,56-65-moderate-high.md,,,,,,,,,,,,kaggle:redf0xwin/recognizing-defects-in-boxes-and-cardboard,hole:2,/Users/inventure71/VSProjects/School/Dream2Detect/data/registries/real_relabel_registry.csv,labeled,,/Users/inventure71/VSProjects/School/Dream2Detect/data/real/source/redf0xwin_recognizing_defects_in_boxes_and_cardboard/images/0067.jpg,rgb_pad_resize_384,/Users/inventure71/VSProjects/School/Dream2Detect/data/datasets/real_labeled_dataset_current.csv
68,real_redf0xwin_0068,images/0068.jpg,not_applicable,available,labeled,,,,76-85,severe,76-85,severe,76-85,severe,80,real_human_final,Real labeled image real_redf0xwin_0068,,76-85-severe-mid.md,,,,,,,,,,,,kaggle:redf0xwin/recognizing-defects-in-boxes-and-cardboard,dent:8;hole:2,/Users/inventure71/VSProjects/School/Dream2Detect/data/registries/real_relabel_registry.csv,labeled,,/Users/inventure71/VSProjects/School/Dream2Detect/data/real/source/redf0xwin_recognizing_defects_in_boxes_and_cardboard/images/0068.jpg,rgb_pad_resize_384,/Users/inventure71/VSProjects/School/Dream2Detect/data/datasets/real_labeled_dataset_current.csv
69,real_redf0xwin_0069,images/0069.jpg,not_applicable,available,labeled,,,,36-45,moderate,36-45,moderate,36-45,moderate,40,real_human_final,Real labeled image real_redf0xwin_0069,,36-45-moderate-low.md,,,,,,,,,,,,kaggle:redf0xwin/recognizing-defects-in-boxes-and-cardboard,dent:6,/Users/inventure71/VSProjects/School/Dream2Detect/data/registries/real_relabel_registry.csv,labeled,,/Users/inventure71/VSProjects/School/Dream2Detect/data/real/source/redf0xwin_recognizing_defects_in_boxes_and_cardboard/images/0069.jpg,rgb_pad_resize_384,/Users/inventure71/VSProjects/School/Dream2Detect/data/datasets/real_labeled_dataset_current.csv
70,real_redf0xwin_0070,images/0070.jpg,not_applicable,available,labeled,,,,0-10,intact,0-10,intact,0-10,intact,5,real_human_final,Real labeled image real_redf0xwin_0070,,00-10-intact.md,,,,,,,,,,,,kaggle:redf0xwin/recognizing-defects-in-boxes-and-cardboard,,/Users/inventure71/VSProjects/School/Dream2Detect/data/registries/real_relabel_registry.csv,labeled,,/Users/inventure71/VSProjects/School/Dream2Detect/data/real/source/redf0xwin_recognizing_defects_in_boxes_and_cardboard/images/0070.jpg,rgb_pad_resize_384,/Users/inventure71/VSProjects/School/Dream2Detect/data/datasets/real_labeled_dataset_current.csv
71,real_redf0xwin_0071,images/0071.jpg,not_applicable,available,labeled,,,,11-20,minor,11-20,minor,11-20,minor,15,real_human_final,Real labeled image real_redf0xwin_0071,,11-20-minor-low.md,,,,,,,,,,,,kaggle:redf0xwin/recognizing-defects-in-boxes-and-cardboard,,/Users/inventure71/VSProjects/School/Dream2Detect/data/registries/real_relabel_registry.csv,labeled,,/Users/inventure71/VSProjects/School/Dream2Detect/data/real/source/redf0xwin_recognizing_defects_in_boxes_and_cardboard/images/0071.jpg,rgb_pad_resize_384,/Users/inventure71/VSProjects/School/Dream2Detect/data/datasets/real_labeled_dataset_current.csv
72,real_redf0xwin_0072,images/0072.jpg,not_applicable,available,labeled,,,,0-10,intact,0-10,intact,0-10,intact,5,real_human_final,Real labeled image real_redf0xwin_0072,,00-10-intact.md,,,,,,,,,,,,kaggle:redf0xwin/recognizing-defects-in-boxes-and-cardboard,,/Users/inventure71/VSProjects/School/Dream2Detect/data/registries/real_relabel_registry.csv,labeled,,/Users/inventure71/VSProjects/School/Dream2Detect/data/real/source/redf0xwin_recognizing_defects_in_boxes_and_cardboard/images/0072.jpg,rgb_pad_resize_384,/Users/inventure71/VSProjects/School/Dream2Detect/data/datasets/real_labeled_dataset_current.csv
73,real_redf0xwin_0073,images/0073.jpg,not_applicable,available,labeled,,,,11-20,minor,11-20,minor,11-20,minor,15,real_human_final,Real labeled image real_redf0xwin_0073,,11-20-minor-low.md,,,,,,,,,,,,kaggle:redf0xwin/recognizing-defects-in-boxes-and-cardboard,,/Users/inventure71/VSProjects/School/Dream2Detect/data/registries/real_relabel_registry.csv,labeled,,/Users/inventure71/VSProjects/School/Dream2Detect/data/real/source/redf0xwin_recognizing_defects_in_boxes_and_cardboard/images/0073.jpg,rgb_pad_resize_384,/Users/inventure71/VSProjects/School/Dream2Detect/data/datasets/real_labeled_dataset_current.csv
75,real_redf0xwin_0075,images/0075.jpg,not_applicable,available,labeled,,,,11-20,minor,11-20,minor,11-20,minor,15,real_human_final,Real labeled image real_redf0xwin_0075,,11-20-minor-low.md,,,,,,,,,,,,kaggle:redf0xwin/recognizing-defects-in-boxes-and-cardboard,,/Users/inventure71/VSProjects/School/Dream2Detect/data/registries/real_relabel_registry.csv,labeled,,/Users/inventure71/VSProjects/School/Dream2Detect/data/real/source/redf0xwin_recognizing_defects_in_boxes_and_cardboard/images/0075.jpg,rgb_pad_resize_384,/Users/inventure71/VSProjects/School/Dream2Detect/data/datasets/real_labeled_dataset_current.csv
76,real_redf0xwin_0076,images/0076.jpg,not_applicable,available,labeled,,,,56-65,moderate,56-65,moderate,56-65,moderate,60,real_human_final,Real labeled image real_redf0xwin_0076,,56-65-moderate-high.md,,,,,,,,,,,,kaggle:redf0xwin/recognizing-defects-in-boxes-and-cardboard,dent:8;hole:3,/Users/inventure71/VSProjects/School/Dream2Detect/data/registries/real_relabel_registry.csv,labeled,,/Users/inventure71/VSProjects/School/Dream2Detect/data/real/source/redf0xwin_recognizing_defects_in_boxes_and_cardboard/images/0076.jpg,rgb_pad_resize_384,/Users/inventure71/VSProjects/School/Dream2Detect/data/datasets/real_labeled_dataset_current.csv
77,real_redf0xwin_0077,images/0077.jpg,not_applicable,available,labeled,,,,31-35,minor,31-35,minor,31-35,minor,33,real_human_final,Real labeled image real_redf0xwin_0077,,31-35-minor-high.md,,,,,,,,,,,,kaggle:redf0xwin/recognizing-defects-in-boxes-and-cardboard,dent:2,/Users/inventure71/VSProjects/School/Dream2Detect/data/registries/real_relabel_registry.csv,labeled,,/Users/inventure71/VSProjects/School/Dream2Detect/data/real/source/redf0xwin_recognizing_defects_in_boxes_and_cardboard/images/0077.jpg,rgb_pad_resize_384,/Users/inventure71/VSProjects/School/Dream2Detect/data/datasets/real_labeled_dataset_current.csv
78,real_redf0xwin_0078,images/0078.jpg,not_applicable,available,labeled,,,,36-45,moderate,36-45,moderate,36-45,moderate,40,real_human_final,Real labeled image real_redf0xwin_0078,,36-45-moderate-low.md,,,,,,,,,,,,kaggle:redf0xwin/recognizing-defects-in-boxes-and-cardboard,dent:1,/Users/inventure71/VSProjects/School/Dream2Detect/data/registries/real_relabel_registry.csv,labeled,,/Users/inventure71/VSProjects/School/Dream2Detect/data/real/source/redf0xwin_recognizing_defects_in_boxes_and_cardboard/images/0078.jpg,rgb_pad_resize_384,/Users/inventure71/VSProjects/School/Dream2Detect/data/datasets/real_labeled_dataset_current.csv
79,real_redf0xwin_0079,images/0079.jpg,not_applicable,available,labeled,,,,36-45,moderate,36-45,moderate,36-45,moderate,40,real_human_final,Real labeled image real_redf0xwin_0079,,36-45-moderate-low.md,,,,,,,,,,,,kaggle:redf0xwin/recognizing-defects-in-boxes-and-cardboard,dent:3,/Users/inventure71/VSProjects/School/Dream2Detect/data/registries/real_relabel_registry.csv,labeled,,/Users/inventure71/VSProjects/School/Dream2Detect/data/real/source/redf0xwin_recognizing_defects_in_boxes_and_cardboard/images/0079.jpg,rgb_pad_resize_384,/Users/inventure71/VSProjects/School/Dream2Detect/data/datasets/real_labeled_dataset_current.csv
80,real_redf0xwin_0080,images/0080.jpg,not_applicable,available,labeled,,,,46-55,moderate,46-55,moderate,46-55,moderate,50,real_human_final,Real labeled image real_redf0xwin_0080,,46-55-moderate-mid.md,,,,,,,,,,,,kaggle:redf0xwin/recognizing-defects-in-boxes-and-cardboard,hole:1,/Users/inventure71/VSProjects/School/Dream2Detect/data/registries/real_relabel_registry.csv,labeled,,/Users/inventure71/VSProjects/School/Dream2Detect/data/real/source/redf0xwin_recognizing_defects_in_boxes_and_cardboard/images/0080.jpg,rgb_pad_resize_384,/Users/inventure71/VSProjects/School/Dream2Detect/data/datasets/real_labeled_dataset_current.csv
82,real_redf0xwin_0082,images/0082.jpg,not_applicable,available,labeled,,,,46-55,moderate,46-55,moderate,46-55,moderate,50,real_human_final,Real labeled image real_redf0xwin_0082,,46-55-moderate-mid.md,,,,,,,,,,,,kaggle:redf0xwin/recognizing-defects-in-boxes-and-cardboard,dent:6,/Users/inventure71/VSProjects/School/Dream2Detect/data/registries/real_relabel_registry.csv,labeled,,/Users/inventure71/VSProjects/School/Dream2Detect/data/real/source/redf0xwin_recognizing_defects_in_boxes_and_cardboard/images/0082.jpg,rgb_pad_resize_384,/Users/inventure71/VSProjects/School/Dream2Detect/data/datasets/real_labeled_dataset_current.csv
84,real_redf0xwin_0084,images/0084.jpg,not_applicable,available,labeled,,,,31-35,minor,31-35,minor,31-35,minor,33,real_human_final,Real labeled image real_redf0xwin_0084,,31-35-minor-high.md,,,,,,,,,,,,kaggle:redf0xwin/recognizing-defects-in-boxes-and-cardboard,dent:4,/Users/inventure71/VSProjects/School/Dream2Detect/data/registries/real_relabel_registry.csv,labeled,,/Users/inventure71/VSProjects/School/Dream2Detect/data/real/source/redf0xwin_recognizing_defects_in_boxes_and_cardboard/images/0084.jpg,rgb_pad_resize_384,/Users/inventure71/VSProjects/School/Dream2Detect/data/datasets/real_labeled_dataset_current.csv
85,real_redf0xwin_0085,images/0085.jpg,not_applicable,available,labeled,,,,36-45,moderate,36-45,moderate,36-45,moderate,40,real_human_final,Real labeled image real_redf0xwin_0085,,36-45-moderate-low.md,,,,,,,,,,,,kaggle:redf0xwin/recognizing-defects-in-boxes-and-cardboard,dent:14,/Users/inventure71/VSProjects/School/Dream2Detect/data/registries/real_relabel_registry.csv,labeled,,/Users/inventure71/VSProjects/School/Dream2Detect/data/real/source/redf0xwin_recognizing_defects_in_boxes_and_cardboard/images/0085.jpg,rgb_pad_resize_384,/Users/inventure71/VSProjects/School/Dream2Detect/data/datasets/real_labeled_dataset_current.csv
86,real_redf0xwin_0086,images/0086.jpg,not_applicable,available,labeled,,,,66-75,severe,66-75,severe,66-75,severe,70,real_human_final,Real labeled image real_redf0xwin_0086,,66-75-severe-low.md,,,,,,,,,,,,kaggle:redf0xwin/recognizing-defects-in-boxes-and-cardboard,dent:10;hole:2,/Users/inventure71/VSProjects/School/Dream2Detect/data/registries/real_relabel_registry.csv,labeled,,/Users/inventure71/VSProjects/School/Dream2Detect/data/real/source/redf0xwin_recognizing_defects_in_boxes_and_cardboard/images/0086.jpg,rgb_pad_resize_384,/Users/inventure71/VSProjects/School/Dream2Detect/data/datasets/real_labeled_dataset_current.csv
87,real_redf0xwin_0087,images/0087.jpg,not_applicable,available,labeled,,,,76-85,severe,76-85,severe,76-85,severe,80,real_human_final,Real labeled image real_redf0xwin_0087,,76-85-severe-mid.md,,,,,,,,,,,,kaggle:redf0xwin/recognizing-defects-in-boxes-and-cardboard,dent:7;hole:4,/Users/inventure71/VSProjects/School/Dream2Detect/data/registries/real_relabel_registry.csv,labeled,,/Users/inventure71/VSProjects/School/Dream2Detect/data/real/source/redf0xwin_recognizing_defects_in_boxes_and_cardboard/images/0087.jpg,rgb_pad_resize_384,/Users/inventure71/VSProjects/School/Dream2Detect/data/datasets/real_labeled_dataset_current.csv
88,real_redf0xwin_0088,images/0088.jpg,not_applicable,available,labeled,,,,76-85,severe,76-85,severe,76-85,severe,80,real_human_final,Real labeled image real_redf0xwin_0088,,76-85-severe-mid.md,,,,,,,,,,,,kaggle:redf0xwin/recognizing-defects-in-boxes-and-cardboard,dent:5;hole:3,/Users/inventure71/VSProjects/School/Dream2Detect/data/registries/real_relabel_registry.csv,labeled,,/Users/inventure71/VSProjects/School/Dream2Detect/data/real/source/redf0xwin_recognizing_defects_in_boxes_and_cardboard/images/0088.jpg,rgb_pad_resize_384,/Users/inventure71/VSProjects/School/Dream2Detect/data/datasets/real_labeled_dataset_current.csv
89,real_redf0xwin_0089,images/0089.jpg,not_applicable,available,labeled,,,,66-75,severe,66-75,severe,66-75,severe,70,real_human_final,Real labeled image real_redf0xwin_0089,,66-75-severe-low.md,,,,,,,,,,,,kaggle:redf0xwin/recognizing-defects-in-boxes-and-cardboard,dent:7;hole:2,/Users/inventure71/VSProjects/School/Dream2Detect/data/registries/real_relabel_registry.csv,labeled,,/Users/inventure71/VSProjects/School/Dream2Detect/data/real/source/redf0xwin_recognizing_defects_in_boxes_and_cardboard/images/0089.jpg,rgb_pad_resize_384,/Users/inventure71/VSProjects/School/Dream2Detect/data/datasets/real_labeled_dataset_current.csv
90,real_redf0xwin_0090,images/0090.jpg,not_applicable,available,labeled,,,,11-20,minor,11-20,minor,11-20,minor,15,real_human_final,Real labeled image real_redf0xwin_0090,,11-20-minor-low.md,,,,,,,,,,,,kaggle:redf0xwin/recognizing-defects-in-boxes-and-cardboard,,/Users/inventure71/VSProjects/School/Dream2Detect/data/registries/real_relabel_registry.csv,labeled,,/Users/inventure71/VSProjects/School/Dream2Detect/data/real/source/redf0xwin_recognizing_defects_in_boxes_and_cardboard/images/0090.jpg,rgb_pad_resize_384,/Users/inventure71/VSProjects/School/Dream2Detect/data/datasets/real_labeled_dataset_current.csv
91,real_redf0xwin_0091,images/0091.jpg,not_applicable,available,labeled,,,,11-20,minor,11-20,minor,11-20,minor,15,real_human_final,Real labeled image real_redf0xwin_0091,,11-20-minor-low.md,,,,,,,,,,,,kaggle:redf0xwin/recognizing-defects-in-boxes-and-cardboard,dent:1,/Users/inventure71/VSProjects/School/Dream2Detect/data/registries/real_relabel_registry.csv,labeled,,/Users/inventure71/VSProjects/School/Dream2Detect/data/real/source/redf0xwin_recognizing_defects_in_boxes_and_cardboard/images/0091.jpg,rgb_pad_resize_384,/Users/inventure71/VSProjects/School/Dream2Detect/data/datasets/real_labeled_dataset_current.csv
92,real_redf0xwin_0092,images/0092.jpg,not_applicable,available,labeled,,,,21-30,minor,21-30,minor,21-30,minor,25,real_human_final,Real labeled image real_redf0xwin_0092,,21-30-minor-mid.md,,,,,,,,,,,,kaggle:redf0xwin/recognizing-defects-in-boxes-and-cardboard,dent:1,/Users/inventure71/VSProjects/School/Dream2Detect/data/registries/real_relabel_registry.csv,labeled,,/Users/inventure71/VSProjects/School/Dream2Detect/data/real/source/redf0xwin_recognizing_defects_in_boxes_and_cardboard/images/0092.jpg,rgb_pad_resize_384,/Users/inventure71/VSProjects/School/Dream2Detect/data/datasets/real_labeled_dataset_current.csv
93,real_redf0xwin_0093,images/0093.jpg,not_applicable,available,labeled,,,,31-35,minor,31-35,minor,31-35,minor,33,real_human_final,Real labeled image real_redf0xwin_0093,,31-35-minor-high.md,,,,,,,,,,,,kaggle:redf0xwin/recognizing-defects-in-boxes-and-cardboard,dent:1,/Users/inventure71/VSProjects/School/Dream2Detect/data/registries/real_relabel_registry.csv,labeled,,/Users/inventure71/VSProjects/School/Dream2Detect/data/real/source/redf0xwin_recognizing_defects_in_boxes_and_cardboard/images/0093.jpg,rgb_pad_resize_384,/Users/inventure71/VSProjects/School/Dream2Detect/data/datasets/real_labeled_dataset_current.csv
94,real_redf0xwin_0094,images/0094.jpg,not_applicable,available,labeled,,,,36-45,moderate,36-45,moderate,36-45,moderate,40,real_human_final,Real labeled image real_redf0xwin_0094,,36-45-moderate-low.md,,,,,,,,,,,,kaggle:redf0xwin/recognizing-defects-in-boxes-and-cardboard,dent:7;hole:1,/Users/inventure71/VSProjects/School/Dream2Detect/data/registries/real_relabel_registry.csv,labeled,,/Users/inventure71/VSProjects/School/Dream2Detect/data/real/source/redf0xwin_recognizing_defects_in_boxes_and_cardboard/images/0094.jpg,rgb_pad_resize_384,/Users/inventure71/VSProjects/School/Dream2Detect/data/datasets/real_labeled_dataset_current.csv
95,real_redf0xwin_0095,images/0095.jpg,not_applicable,available,labeled,,,,31-35,minor,31-35,minor,31-35,minor,33,real_human_final,Real labeled image real_redf0xwin_0095,,31-35-minor-high.md,,,,,,,,,,,,kaggle:redf0xwin/recognizing-defects-in-boxes-and-cardboard,dent:4,/Users/inventure71/VSProjects/School/Dream2Detect/data/registries/real_relabel_registry.csv,labeled,,/Users/inventure71/VSProjects/School/Dream2Detect/data/real/source/redf0xwin_recognizing_defects_in_boxes_and_cardboard/images/0095.jpg,rgb_pad_resize_384,/Users/inventure71/VSProjects/School/Dream2Detect/data/datasets/real_labeled_dataset_current.csv
96,real_redf0xwin_0096,images/0096.jpg,not_applicable,available,labeled,,,,56-65,moderate,56-65,moderate,56-65,moderate,60,real_human_final,Real labeled image real_redf0xwin_0096,,56-65-moderate-high.md,,,,,,,,,,,,kaggle:redf0xwin/recognizing-defects-in-boxes-and-cardboard,dent:26,/Users/inventure71/VSProjects/School/Dream2Detect/data/registries/real_relabel_registry.csv,labeled,,/Users/inventure71/VSProjects/School/Dream2Detect/data/real/source/redf0xwin_recognizing_defects_in_boxes_and_cardboard/images/0096.jpg,rgb_pad_resize_384,/Users/inventure71/VSProjects/School/Dream2Detect/data/datasets/real_labeled_dataset_current.csv
97,real_redf0xwin_0097,images/0097.jpg,not_applicable,available,labeled,,,,56-65,moderate,56-65,moderate,56-65,moderate,60,real_human_final,Real labeled image real_redf0xwin_0097,,56-65-moderate-high.md,,,,,,,,,,,,kaggle:redf0xwin/recognizing-defects-in-boxes-and-cardboard,dent:9,/Users/inventure71/VSProjects/School/Dream2Detect/data/registries/real_relabel_registry.csv,labeled,,/Users/inventure71/VSProjects/School/Dream2Detect/data/real/source/redf0xwin_recognizing_defects_in_boxes_and_cardboard/images/0097.jpg,rgb_pad_resize_384,/Users/inventure71/VSProjects/School/Dream2Detect/data/datasets/real_labeled_dataset_current.csv
98,real_redf0xwin_0098,images/0098.jpg,not_applicable,available,labeled,,,,31-35,minor,31-35,minor,31-35,minor,33,real_human_final,Real labeled image real_redf0xwin_0098,,31-35-minor-high.md,,,,,,,,,,,,kaggle:redf0xwin/recognizing-defects-in-boxes-and-cardboard,dent:14;hole:1,/Users/inventure71/VSProjects/School/Dream2Detect/data/registries/real_relabel_registry.csv,labeled,,/Users/inventure71/VSProjects/School/Dream2Detect/data/real/source/redf0xwin_recognizing_defects_in_boxes_and_cardboard/images/0098.jpg,rgb_pad_resize_384,/Users/inventure71/VSProjects/School/Dream2Detect/data/datasets/real_labeled_dataset_current.csv
99,real_redf0xwin_0099,images/0099.jpg,not_applicable,available,labeled,,,,31-35,minor,31-35,minor,31-35,minor,33,real_human_final,Real labeled image real_redf0xwin_0099,,31-35-minor-high.md,,,,,,,,,,,,kaggle:redf0xwin/recognizing-defects-in-boxes-and-cardboard,dent:8;hole:2,/Users/inventure71/VSProjects/School/Dream2Detect/data/registries/real_relabel_registry.csv,labeled,,/Users/inventure71/VSProjects/School/Dream2Detect/data/real/source/redf0xwin_recognizing_defects_in_boxes_and_cardboard/images/0099.jpg,rgb_pad_resize_384,/Users/inventure71/VSProjects/School/Dream2Detect/data/datasets/real_labeled_dataset_current.csv
100,real_redf0xwin_0100,images/0100.jpg,not_applicable,available,labeled,,,,31-35,minor,31-35,minor,31-35,minor,33,real_human_final,Real labeled image real_redf0xwin_0100,,31-35-minor-high.md,,,,,,,,,,,,kaggle:redf0xwin/recognizing-defects-in-boxes-and-cardboard,dent:9;dirt:4,/Users/inventure71/VSProjects/School/Dream2Detect/data/registries/real_relabel_registry.csv,labeled,,/Users/inventure71/VSProjects/School/Dream2Detect/data/real/source/redf0xwin_recognizing_defects_in_boxes_and_cardboard/images/0100.jpg,rgb_pad_resize_384,/Users/inventure71/VSProjects/School/Dream2Detect/data/datasets/real_labeled_dataset_current.csv
101,real_redf0xwin_0101,images/0101.jpg,not_applicable,available,labeled,,,,56-65,moderate,56-65,moderate,56-65,moderate,60,real_human_final,Real labeled image real_redf0xwin_0101,,56-65-moderate-high.md,,,,,,,,,,,,kaggle:redf0xwin/recognizing-defects-in-boxes-and-cardboard,dent:6;hole:1,/Users/inventure71/VSProjects/School/Dream2Detect/data/registries/real_relabel_registry.csv,labeled,,/Users/inventure71/VSProjects/School/Dream2Detect/data/real/source/redf0xwin_recognizing_defects_in_boxes_and_cardboard/images/0101.jpg,rgb_pad_resize_384,/Users/inventure71/VSProjects/School/Dream2Detect/data/datasets/real_labeled_dataset_current.csv
102,real_redf0xwin_0102,images/0102.jpg,not_applicable,available,labeled,,,,66-75,severe,66-75,severe,66-75,severe,70,real_human_final,Real labeled image real_redf0xwin_0102,,66-75-severe-low.md,,,,,,,,,,,,kaggle:redf0xwin/recognizing-defects-in-boxes-and-cardboard,dent:17;hole:1,/Users/inventure71/VSProjects/School/Dream2Detect/data/registries/real_relabel_registry.csv,labeled,,/Users/inventure71/VSProjects/School/Dream2Detect/data/real/source/redf0xwin_recognizing_defects_in_boxes_and_cardboard/images/0102.jpg,rgb_pad_resize_384,/Users/inventure71/VSProjects/School/Dream2Detect/data/datasets/real_labeled_dataset_current.csv
103,real_redf0xwin_0103,images/0103.jpg,not_applicable,available,labeled,,,,56-65,moderate,56-65,moderate,56-65,moderate,60,real_human_final,Real labeled image real_redf0xwin_0103,,56-65-moderate-high.md,,,,,,,,,,,,kaggle:redf0xwin/recognizing-defects-in-boxes-and-cardboard,dent:6,/Users/inventure71/VSProjects/School/Dream2Detect/data/registries/real_relabel_registry.csv,labeled,,/Users/inventure71/VSProjects/School/Dream2Detect/data/real/source/redf0xwin_recognizing_defects_in_boxes_and_cardboard/images/0103.jpg,rgb_pad_resize_384,/Users/inventure71/VSProjects/School/Dream2Detect/data/datasets/real_labeled_dataset_current.csv
104,real_redf0xwin_0104,images/0104.jpg,not_applicable,available,labeled,,,,56-65,moderate,56-65,moderate,56-65,moderate,60,real_human_final,Real labeled image real_redf0xwin_0104,,56-65-moderate-high.md,,,,,,,,,,,,kaggle:redf0xwin/recognizing-defects-in-boxes-and-cardboard,dent:7;hole:1,/Users/inventure71/VSProjects/School/Dream2Detect/data/registries/real_relabel_registry.csv,labeled,,/Users/inventure71/VSProjects/School/Dream2Detect/data/real/source/redf0xwin_recognizing_defects_in_boxes_and_cardboard/images/0104.jpg,rgb_pad_resize_384,/Users/inventure71/VSProjects/School/Dream2Detect/data/datasets/real_labeled_dataset_current.csv
105,real_redf0xwin_0105,images/0105.jpg,not_applicable,available,labeled,,,,56-65,moderate,56-65,moderate,56-65,moderate,60,real_human_final,Real labeled image real_redf0xwin_0105,,56-65-moderate-high.md,,,,,,,,,,,,kaggle:redf0xwin/recognizing-defects-in-boxes-and-cardboard,dent:4;hole:4,/Users/inventure71/VSProjects/School/Dream2Detect/data/registries/real_relabel_registry.csv,labeled,,/Users/inventure71/VSProjects/School/Dream2Detect/data/real/source/redf0xwin_recognizing_defects_in_boxes_and_cardboard/images/0105.jpg,rgb_pad_resize_384,/Users/inventure71/VSProjects/School/Dream2Detect/data/datasets/real_labeled_dataset_current.csv
106,real_redf0xwin_0106,images/0106.jpg,not_applicable,available,labeled,,,,56-65,moderate,56-65,moderate,56-65,moderate,60,real_human_final,Real labeled image real_redf0xwin_0106,,56-65-moderate-high.md,,,,,,,,,,,,kaggle:redf0xwin/recognizing-defects-in-boxes-and-cardboard,dent:16,/Users/inventure71/VSProjects/School/Dream2Detect/data/registries/real_relabel_registry.csv,labeled,,/Users/inventure71/VSProjects/School/Dream2Detect/data/real/source/redf0xwin_recognizing_defects_in_boxes_and_cardboard/images/0106.jpg,rgb_pad_resize_384,/Users/inventure71/VSProjects/School/Dream2Detect/data/datasets/real_labeled_dataset_current.csv
107,real_redf0xwin_0107,images/0107.jpg,not_applicable,available,labeled,,,,46-55,moderate,46-55,moderate,46-55,moderate,50,real_human_final,Real labeled image real_redf0xwin_0107,,46-55-moderate-mid.md,,,,,,,,,,,,kaggle:redf0xwin/recognizing-defects-in-boxes-and-cardboard,dent:22;hole:1,/Users/inventure71/VSProjects/School/Dream2Detect/data/registries/real_relabel_registry.csv,labeled,,/Users/inventure71/VSProjects/School/Dream2Detect/data/real/source/redf0xwin_recognizing_defects_in_boxes_and_cardboard/images/0107.jpg,rgb_pad_resize_384,/Users/inventure71/VSProjects/School/Dream2Detect/data/datasets/real_labeled_dataset_current.csv
108,real_redf0xwin_0108,images/0108.jpg,not_applicable,available,labeled,,,,46-55,moderate,46-55,moderate,46-55,moderate,50,real_human_final,Real labeled image real_redf0xwin_0108,,46-55-moderate-mid.md,,,,,,,,,,,,kaggle:redf0xwin/recognizing-defects-in-boxes-and-cardboard,dent:22;hole:2,/Users/inventure71/VSProjects/School/Dream2Detect/data/registries/real_relabel_registry.csv,labeled,,/Users/inventure71/VSProjects/School/Dream2Detect/data/real/source/redf0xwin_recognizing_defects_in_boxes_and_cardboard/images/0108.jpg,rgb_pad_resize_384,/Users/inventure71/VSProjects/School/Dream2Detect/data/datasets/real_labeled_dataset_current.csv
109,real_redf0xwin_0109,images/0109.jpg,not_applicable,available,labeled,,,,56-65,moderate,56-65,moderate,56-65,moderate,60,real_human_final,Real labeled image real_redf0xwin_0109,,56-65-moderate-high.md,,,,,,,,,,,,kaggle:redf0xwin/recognizing-defects-in-boxes-and-cardboard,dent:18,/Users/inventure71/VSProjects/School/Dream2Detect/data/registries/real_relabel_registry.csv,labeled,,/Users/inventure71/VSProjects/School/Dream2Detect/data/real/source/redf0xwin_recognizing_defects_in_boxes_and_cardboard/images/0109.jpg,rgb_pad_resize_384,/Users/inventure71/VSProjects/School/Dream2Detect/data/datasets/real_labeled_dataset_current.csv
110,real_redf0xwin_0110,images/0110.jpg,not_applicable,available,labeled,,,,56-65,moderate,56-65,moderate,56-65,moderate,60,real_human_final,Real labeled image real_redf0xwin_0110,,56-65-moderate-high.md,,,,,,,,,,,,kaggle:redf0xwin/recognizing-defects-in-boxes-and-cardboard,dent:22;hole:3,/Users/inventure71/VSProjects/School/Dream2Detect/data/registries/real_relabel_registry.csv,labeled,,/Users/inventure71/VSProjects/School/Dream2Detect/data/real/source/redf0xwin_recognizing_defects_in_boxes_and_cardboard/images/0110.jpg,rgb_pad_resize_384,/Users/inventure71/VSProjects/School/Dream2Detect/data/datasets/real_labeled_dataset_current.csv
111,real_redf0xwin_0111,images/0111.jpg,not_applicable,available,labeled,,,,31-35,minor,31-35,minor,31-35,minor,33,real_human_final,Real labeled image real_redf0xwin_0111,,31-35-minor-high.md,,,,,,,,,,,,kaggle:redf0xwin/recognizing-defects-in-boxes-and-cardboard,dent:22;hole:1,/Users/inventure71/VSProjects/School/Dream2Detect/data/registries/real_relabel_registry.csv,labeled,,/Users/inventure71/VSProjects/School/Dream2Detect/data/real/source/redf0xwin_recognizing_defects_in_boxes_and_cardboard/images/0111.jpg,rgb_pad_resize_384,/Users/inventure71/VSProjects/School/Dream2Detect/data/datasets/real_labeled_dataset_current.csv
112,real_redf0xwin_0112,images/0112.jpg,not_applicable,available,labeled,,,,36-45,moderate,36-45,moderate,36-45,moderate,40,real_human_final,Real labeled image real_redf0xwin_0112,,36-45-moderate-low.md,,,,,,,,,,,,kaggle:redf0xwin/recognizing-defects-in-boxes-and-cardboard,dent:11;hole:1,/Users/inventure71/VSProjects/School/Dream2Detect/data/registries/real_relabel_registry.csv,labeled,,/Users/inventure71/VSProjects/School/Dream2Detect/data/real/source/redf0xwin_recognizing_defects_in_boxes_and_cardboard/images/0112.jpg,rgb_pad_resize_384,/Users/inventure71/VSProjects/School/Dream2Detect/data/datasets/real_labeled_dataset_current.csv
113,real_redf0xwin_0113,images/0113.jpg,not_applicable,available,labeled,,,,31-35,minor,31-35,minor,31-35,minor,33,real_human_final,Real labeled image real_redf0xwin_0113,,31-35-minor-high.md,,,,,,,,,,,,kaggle:redf0xwin/recognizing-defects-in-boxes-and-cardboard,dent:6;hole:1,/Users/inventure71/VSProjects/School/Dream2Detect/data/registries/real_relabel_registry.csv,labeled,,/Users/inventure71/VSProjects/School/Dream2Detect/data/real/source/redf0xwin_recognizing_defects_in_boxes_and_cardboard/images/0113.jpg,rgb_pad_resize_384,/Users/inventure71/VSProjects/School/Dream2Detect/data/datasets/real_labeled_dataset_current.csv
114,real_redf0xwin_0114,images/0114.jpg,not_applicable,available,labeled,,,,31-35,minor,31-35,minor,31-35,minor,33,real_human_final,Real labeled image real_redf0xwin_0114,,31-35-minor-high.md,,,,,,,,,,,,kaggle:redf0xwin/recognizing-defects-in-boxes-and-cardboard,dent:17,/Users/inventure71/VSProjects/School/Dream2Detect/data/registries/real_relabel_registry.csv,labeled,,/Users/inventure71/VSProjects/School/Dream2Detect/data/real/source/redf0xwin_recognizing_defects_in_boxes_and_cardboard/images/0114.jpg,rgb_pad_resize_384,/Users/inventure71/VSProjects/School/Dream2Detect/data/datasets/real_labeled_dataset_current.csv
115,real_redf0xwin_0115,images/0115.jpg,not_applicable,available,labeled,,,,56-65,moderate,56-65,moderate,56-65,moderate,60,real_human_final,Real labeled image real_redf0xwin_0115,,56-65-moderate-high.md,,,,,,,,,,,,kaggle:redf0xwin/recognizing-defects-in-boxes-and-cardboard,dent:34,/Users/inventure71/VSProjects/School/Dream2Detect/data/registries/real_relabel_registry.csv,labeled,,/Users/inventure71/VSProjects/School/Dream2Detect/data/real/source/redf0xwin_recognizing_defects_in_boxes_and_cardboard/images/0115.jpg,rgb_pad_resize_384,/Users/inventure71/VSProjects/School/Dream2Detect/data/datasets/real_labeled_dataset_current.csv
116,real_redf0xwin_0116,images/0116.jpg,not_applicable,available,labeled,,,,76-85,severe,76-85,severe,76-85,severe,80,real_human_final,Real labeled image real_redf0xwin_0116,,76-85-severe-mid.md,,,,,,,,,,,,kaggle:redf0xwin/recognizing-defects-in-boxes-and-cardboard,dent:13;hole:1,/Users/inventure71/VSProjects/School/Dream2Detect/data/registries/real_relabel_registry.csv,labeled,,/Users/inventure71/VSProjects/School/Dream2Detect/data/real/source/redf0xwin_recognizing_defects_in_boxes_and_cardboard/images/0116.jpg,rgb_pad_resize_384,/Users/inventure71/VSProjects/School/Dream2Detect/data/datasets/real_labeled_dataset_current.csv
117,real_redf0xwin_0117,images/0117.jpg,not_applicable,available,labeled,,,,76-85,severe,76-85,severe,76-85,severe,80,real_human_final,Real labeled image real_redf0xwin_0117,,76-85-severe-mid.md,,,,,,,,,,,,kaggle:redf0xwin/recognizing-defects-in-boxes-and-cardboard,dent:13;hole:9,/Users/inventure71/VSProjects/School/Dream2Detect/data/registries/real_relabel_registry.csv,labeled,,/Users/inventure71/VSProjects/School/Dream2Detect/data/real/source/redf0xwin_recognizing_defects_in_boxes_and_cardboard/images/0117.jpg,rgb_pad_resize_384,/Users/inventure71/VSProjects/School/Dream2Detect/data/datasets/real_labeled_dataset_current.csv
118,real_redf0xwin_0118,images/0118.jpg,not_applicable,available,labeled,,,,56-65,moderate,56-65,moderate,56-65,moderate,60,real_human_final,Real labeled image real_redf0xwin_0118,,56-65-moderate-high.md,,,,,,,,,,,,kaggle:redf0xwin/recognizing-defects-in-boxes-and-cardboard,dent:10,/Users/inventure71/VSProjects/School/Dream2Detect/data/registries/real_relabel_registry.csv,labeled,,/Users/inventure71/VSProjects/School/Dream2Detect/data/real/source/redf0xwin_recognizing_defects_in_boxes_and_cardboard/images/0118.jpg,rgb_pad_resize_384,/Users/inventure71/VSProjects/School/Dream2Detect/data/datasets/real_labeled_dataset_current.csv
119,real_redf0xwin_0119,images/0119.jpg,not_applicable,available,labeled,,,,21-30,minor,21-30,minor,21-30,minor,25,real_human_final,Real labeled image real_redf0xwin_0119,,21-30-minor-mid.md,,,,,,,,,,,,kaggle:redf0xwin/recognizing-defects-in-boxes-and-cardboard,dent:2,/Users/inventure71/VSProjects/School/Dream2Detect/data/registries/real_relabel_registry.csv,labeled,,/Users/inventure71/VSProjects/School/Dream2Detect/data/real/source/redf0xwin_recognizing_defects_in_boxes_and_cardboard/images/0119.jpg,rgb_pad_resize_384,/Users/inventure71/VSProjects/School/Dream2Detect/data/datasets/real_labeled_dataset_current.csv
120,real_redf0xwin_0120,images/0120.jpg,not_applicable,available,labeled,,,,31-35,minor,31-35,minor,31-35,minor,33,real_human_final,Real labeled image real_redf0xwin_0120,,31-35-minor-high.md,,,,,,,,,,,,kaggle:redf0xwin/recognizing-defects-in-boxes-and-cardboard,dent:5,/Users/inventure71/VSProjects/School/Dream2Detect/data/registries/real_relabel_registry.csv,labeled,,/Users/inventure71/VSProjects/School/Dream2Detect/data/real/source/redf0xwin_recognizing_defects_in_boxes_and_cardboard/images/0120.jpg,rgb_pad_resize_384,/Users/inventure71/VSProjects/School/Dream2Detect/data/datasets/real_labeled_dataset_current.csv
121,real_redf0xwin_0121,images/0121.jpg,not_applicable,available,labeled,,,,36-45,moderate,36-45,moderate,36-45,moderate,40,real_human_final,Real labeled image real_redf0xwin_0121,,36-45-moderate-low.md,,,,,,,,,,,,kaggle:redf0xwin/recognizing-defects-in-boxes-and-cardboard,dent:13,/Users/inventure71/VSProjects/School/Dream2Detect/data/registries/real_relabel_registry.csv,labeled,,/Users/inventure71/VSProjects/School/Dream2Detect/data/real/source/redf0xwin_recognizing_defects_in_boxes_and_cardboard/images/0121.jpg,rgb_pad_resize_384,/Users/inventure71/VSProjects/School/Dream2Detect/data/datasets/real_labeled_dataset_current.csv
122,real_redf0xwin_0122,images/0122.jpg,not_applicable,available,labeled,,,,66-75,severe,66-75,severe,66-75,severe,70,real_human_final,Real labeled image real_redf0xwin_0122,,66-75-severe-low.md,,,,,,,,,,,,kaggle:redf0xwin/recognizing-defects-in-boxes-and-cardboard,dent:22;hole:2,/Users/inventure71/VSProjects/School/Dream2Detect/data/registries/real_relabel_registry.csv,labeled,,/Users/inventure71/VSProjects/School/Dream2Detect/data/real/source/redf0xwin_recognizing_defects_in_boxes_and_cardboard/images/0122.jpg,rgb_pad_resize_384,/Users/inventure71/VSProjects/School/Dream2Detect/data/datasets/real_labeled_dataset_current.csv
123,real_redf0xwin_0123,images/0123.jpg,not_applicable,available,labeled,,,,56-65,moderate,56-65,moderate,56-65,moderate,60,real_human_final,Real labeled image real_redf0xwin_0123,,56-65-moderate-high.md,,,,,,,,,,,,kaggle:redf0xwin/recognizing-defects-in-boxes-and-cardboard,dent:17,/Users/inventure71/VSProjects/School/Dream2Detect/data/registries/real_relabel_registry.csv,labeled,,/Users/inventure71/VSProjects/School/Dream2Detect/data/real/source/redf0xwin_recognizing_defects_in_boxes_and_cardboard/images/0123.jpg,rgb_pad_resize_384,/Users/inventure71/VSProjects/School/Dream2Detect/data/datasets/real_labeled_dataset_current.csv
124,real_redf0xwin_0124,images/0124.jpg,not_applicable,available,labeled,,,,66-75,severe,66-75,severe,66-75,severe,70,real_human_final,Real labeled image real_redf0xwin_0124,,66-75-severe-low.md,,,,,,,,,,,,kaggle:redf0xwin/recognizing-defects-in-boxes-and-cardboard,dent:6;hole:4,/Users/inventure71/VSProjects/School/Dream2Detect/data/registries/real_relabel_registry.csv,labeled,,/Users/inventure71/VSProjects/School/Dream2Detect/data/real/source/redf0xwin_recognizing_defects_in_boxes_and_cardboard/images/0124.jpg,rgb_pad_resize_384,/Users/inventure71/VSProjects/School/Dream2Detect/data/datasets/real_labeled_dataset_current.csv
125,real_redf0xwin_0125,images/0125.jpg,not_applicable,available,labeled,,,,31-35,minor,31-35,minor,31-35,minor,33,real_human_final,Real labeled image real_redf0xwin_0125,,31-35-minor-high.md,,,,,,,,,,,,kaggle:redf0xwin/recognizing-defects-in-boxes-and-cardboard,dent:4,/Users/inventure71/VSProjects/School/Dream2Detect/data/registries/real_relabel_registry.csv,labeled,,/Users/inventure71/VSProjects/School/Dream2Detect/data/real/source/redf0xwin_recognizing_defects_in_boxes_and_cardboard/images/0125.jpg,rgb_pad_resize_384,/Users/inventure71/VSProjects/School/Dream2Detect/data/datasets/real_labeled_dataset_current.csv
126,real_redf0xwin_0126,images/0126.jpg,not_applicable,available,labeled,,,,46-55,moderate,46-55,moderate,46-55,moderate,50,real_human_final,Real labeled image real_redf0xwin_0126,,46-55-moderate-mid.md,,,,,,,,,,,,kaggle:redf0xwin/recognizing-defects-in-boxes-and-cardboard,dent:25,/Users/inventure71/VSProjects/School/Dream2Detect/data/registries/real_relabel_registry.csv,labeled,,/Users/inventure71/VSProjects/School/Dream2Detect/data/real/source/redf0xwin_recognizing_defects_in_boxes_and_cardboard/images/0126.jpg,rgb_pad_resize_384,/Users/inventure71/VSProjects/School/Dream2Detect/data/datasets/real_labeled_dataset_current.csv
127,real_redf0xwin_0127,images/0127.jpg,not_applicable,available,labeled,,,,31-35,minor,31-35,minor,31-35,minor,33,real_human_final,Real labeled image real_redf0xwin_0127,,31-35-minor-high.md,,,,,,,,,,,,kaggle:redf0xwin/recognizing-defects-in-boxes-and-cardboard,dent:9,/Users/inventure71/VSProjects/School/Dream2Detect/data/registries/real_relabel_registry.csv,labeled,,/Users/inventure71/VSProjects/School/Dream2Detect/data/real/source/redf0xwin_recognizing_defects_in_boxes_and_cardboard/images/0127.jpg,rgb_pad_resize_384,/Users/inventure71/VSProjects/School/Dream2Detect/data/datasets/real_labeled_dataset_current.csv
128,real_redf0xwin_0128,images/0128.jpg,not_applicable,available,labeled,,,,46-55,moderate,46-55,moderate,46-55,moderate,50,real_human_final,Real labeled image real_redf0xwin_0128,,46-55-moderate-mid.md,,,,,,,,,,,,kaggle:redf0xwin/recognizing-defects-in-boxes-and-cardboard,dent:6;hole:1,/Users/inventure71/VSProjects/School/Dream2Detect/data/registries/real_relabel_registry.csv,labeled,,/Users/inventure71/VSProjects/School/Dream2Detect/data/real/source/redf0xwin_recognizing_defects_in_boxes_and_cardboard/images/0128.jpg,rgb_pad_resize_384,/Users/inventure71/VSProjects/School/Dream2Detect/data/datasets/real_labeled_dataset_current.csv
129,real_redf0xwin_0129,images/0129.jpg,not_applicable,available,labeled,,,,56-65,moderate,56-65,moderate,56-65,moderate,60,real_human_final,Real labeled image real_redf0xwin_0129,,56-65-moderate-high.md,,,,,,,,,,,,kaggle:redf0xwin/recognizing-defects-in-boxes-and-cardboard,dent:17,/Users/inventure71/VSProjects/School/Dream2Detect/data/registries/real_relabel_registry.csv,labeled,,/Users/inventure71/VSProjects/School/Dream2Detect/data/real/source/redf0xwin_recognizing_defects_in_boxes_and_cardboard/images/0129.jpg,rgb_pad_resize_384,/Users/inventure71/VSProjects/School/Dream2Detect/data/datasets/real_labeled_dataset_current.csv
130,real_redf0xwin_0130,images/0130.jpg,not_applicable,available,labeled,,,,46-55,moderate,46-55,moderate,46-55,moderate,50,real_human_final,Real labeled image real_redf0xwin_0130,,46-55-moderate-mid.md,,,,,,,,,,,,kaggle:redf0xwin/recognizing-defects-in-boxes-and-cardboard,dent:8,/Users/inventure71/VSProjects/School/Dream2Detect/data/registries/real_relabel_registry.csv,labeled,,/Users/inventure71/VSProjects/School/Dream2Detect/data/real/source/redf0xwin_recognizing_defects_in_boxes_and_cardboard/images/0130.jpg,rgb_pad_resize_384,/Users/inventure71/VSProjects/School/Dream2Detect/data/datasets/real_labeled_dataset_current.csv
131,real_redf0xwin_0131,images/0131.jpg,not_applicable,available,labeled,,,,31-35,minor,31-35,minor,31-35,minor,33,real_human_final,Real labeled image real_redf0xwin_0131,,31-35-minor-high.md,,,,,,,,,,,,kaggle:redf0xwin/recognizing-defects-in-boxes-and-cardboard,dent:14,/Users/inventure71/VSProjects/School/Dream2Detect/data/registries/real_relabel_registry.csv,labeled,,/Users/inventure71/VSProjects/School/Dream2Detect/data/real/source/redf0xwin_recognizing_defects_in_boxes_and_cardboard/images/0131.jpg,rgb_pad_resize_384,/Users/inventure71/VSProjects/School/Dream2Detect/data/datasets/real_labeled_dataset_current.csv
132,real_redf0xwin_0132,images/0132.jpg,not_applicable,available,labeled,,,,46-55,moderate,46-55,moderate,46-55,moderate,50,real_human_final,Real labeled image real_redf0xwin_0132,,46-55-moderate-mid.md,,,,,,,,,,,,kaggle:redf0xwin/recognizing-defects-in-boxes-and-cardboard,dent:14,/Users/inventure71/VSProjects/School/Dream2Detect/data/registries/real_relabel_registry.csv,labeled,,/Users/inventure71/VSProjects/School/Dream2Detect/data/real/source/redf0xwin_recognizing_defects_in_boxes_and_cardboard/images/0132.jpg,rgb_pad_resize_384,/Users/inventure71/VSProjects/School/Dream2Detect/data/datasets/real_labeled_dataset_current.csv
133,real_redf0xwin_0133,images/0133.jpg,not_applicable,available,labeled,,,,56-65,moderate,56-65,moderate,56-65,moderate,60,real_human_final,Real labeled image real_redf0xwin_0133,,56-65-moderate-high.md,,,,,,,,,,,,kaggle:redf0xwin/recognizing-defects-in-boxes-and-cardboard,dent:15;hole:1,/Users/inventure71/VSProjects/School/Dream2Detect/data/registries/real_relabel_registry.csv,labeled,,/Users/inventure71/VSProjects/School/Dream2Detect/data/real/source/redf0xwin_recognizing_defects_in_boxes_and_cardboard/images/0133.jpg,rgb_pad_resize_384,/Users/inventure71/VSProjects/School/Dream2Detect/data/datasets/real_labeled_dataset_current.csv
134,real_redf0xwin_0134,images/0134.jpg,not_applicable,available,labeled,,,,36-45,moderate,36-45,moderate,36-45,moderate,40,real_human_final,Real labeled image real_redf0xwin_0134,,36-45-moderate-low.md,,,,,,,,,,,,kaggle:redf0xwin/recognizing-defects-in-boxes-and-cardboard,dent:30,/Users/inventure71/VSProjects/School/Dream2Detect/data/registries/real_relabel_registry.csv,labeled,,/Users/inventure71/VSProjects/School/Dream2Detect/data/real/source/redf0xwin_recognizing_defects_in_boxes_and_cardboard/images/0134.jpg,rgb_pad_resize_384,/Users/inventure71/VSProjects/School/Dream2Detect/data/datasets/real_labeled_dataset_current.csv
135,real_redf0xwin_0135,images/0135.jpg,not_applicable,available,labeled,,,,36-45,moderate,36-45,moderate,36-45,moderate,40,real_human_final,Real labeled image real_redf0xwin_0135,,36-45-moderate-low.md,,,,,,,,,,,,kaggle:redf0xwin/recognizing-defects-in-boxes-and-cardboard,dent:30;dirt:1,/Users/inventure71/VSProjects/School/Dream2Detect/data/registries/real_relabel_registry.csv,labeled,,/Users/inventure71/VSProjects/School/Dream2Detect/data/real/source/redf0xwin_recognizing_defects_in_boxes_and_cardboard/images/0135.jpg,rgb_pad_resize_384,/Users/inventure71/VSProjects/School/Dream2Detect/data/datasets/real_labeled_dataset_current.csv
136,real_redf0xwin_0136,images/0136.jpg,not_applicable,available,labeled,,,,31-35,minor,31-35,minor,31-35,minor,33,real_human_final,Real labeled image real_redf0xwin_0136,,31-35-minor-high.md,,,,,,,,,,,,kaggle:redf0xwin/recognizing-defects-in-boxes-and-cardboard,dent:8,/Users/inventure71/VSProjects/School/Dream2Detect/data/registries/real_relabel_registry.csv,labeled,,/Users/inventure71/VSProjects/School/Dream2Detect/data/real/source/redf0xwin_recognizing_defects_in_boxes_and_cardboard/images/0136.jpg,rgb_pad_resize_384,/Users/inventure71/VSProjects/School/Dream2Detect/data/datasets/real_labeled_dataset_current.csv
137,real_redf0xwin_0137,images/0137.jpg,not_applicable,available,labeled,,,,36-45,moderate,36-45,moderate,36-45,moderate,40,real_human_final,Real labeled image real_redf0xwin_0137,,36-45-moderate-low.md,,,,,,,,,,,,kaggle:redf0xwin/recognizing-defects-in-boxes-and-cardboard,dent:23,/Users/inventure71/VSProjects/School/Dream2Detect/data/registries/real_relabel_registry.csv,labeled,,/Users/inventure71/VSProjects/School/Dream2Detect/data/real/source/redf0xwin_recognizing_defects_in_boxes_and_cardboard/images/0137.jpg,rgb_pad_resize_384,/Users/inventure71/VSProjects/School/Dream2Detect/data/datasets/real_labeled_dataset_current.csv
138,real_redf0xwin_0138,images/0138.jpg,not_applicable,available,labeled,,,,31-35,minor,31-35,minor,31-35,minor,33,real_human_final,Real labeled image real_redf0xwin_0138,,31-35-minor-high.md,,,,,,,,,,,,kaggle:redf0xwin/recognizing-defects-in-boxes-and-cardboard,dent:12;dirt:6,/Users/inventure71/VSProjects/School/Dream2Detect/data/registries/real_relabel_registry.csv,labeled,,/Users/inventure71/VSProjects/School/Dream2Detect/data/real/source/redf0xwin_recognizing_defects_in_boxes_and_cardboard/images/0138.jpg,rgb_pad_resize_384,/Users/inventure71/VSProjects/School/Dream2Detect/data/datasets/real_labeled_dataset_current.csv
139,real_redf0xwin_0139,images/0139.jpg,not_applicable,available,labeled,,,,21-30,minor,21-30,minor,21-30,minor,25,real_human_final,Real labeled image real_redf0xwin_0139,,21-30-minor-mid.md,,,,,,,,,,,,kaggle:redf0xwin/recognizing-defects-in-boxes-and-cardboard,dent:5,/Users/inventure71/VSProjects/School/Dream2Detect/data/registries/real_relabel_registry.csv,labeled,,/Users/inventure71/VSProjects/School/Dream2Detect/data/real/source/redf0xwin_recognizing_defects_in_boxes_and_cardboard/images/0139.jpg,rgb_pad_resize_384,/Users/inventure71/VSProjects/School/Dream2Detect/data/datasets/real_labeled_dataset_current.csv
140,real_redf0xwin_0140,images/0140.jpg,not_applicable,available,labeled,,,,21-30,minor,21-30,minor,21-30,minor,25,real_human_final,Real labeled image real_redf0xwin_0140,,21-30-minor-mid.md,,,,,,,,,,,,kaggle:redf0xwin/recognizing-defects-in-boxes-and-cardboard,dent:12,/Users/inventure71/VSProjects/School/Dream2Detect/data/registries/real_relabel_registry.csv,labeled,,/Users/inventure71/VSProjects/School/Dream2Detect/data/real/source/redf0xwin_recognizing_defects_in_boxes_and_cardboard/images/0140.jpg,rgb_pad_resize_384,/Users/inventure71/VSProjects/School/Dream2Detect/data/datasets/real_labeled_dataset_current.csv
141,real_redf0xwin_0141,images/0141.jpg,not_applicable,available,labeled,,,,11-20,minor,11-20,minor,11-20,minor,15,real_human_final,Real labeled image real_redf0xwin_0141,,11-20-minor-low.md,,,,,,,,,,,,kaggle:redf0xwin/recognizing-defects-in-boxes-and-cardboard,dent:5;dirt:3;hole:2,/Users/inventure71/VSProjects/School/Dream2Detect/data/registries/real_relabel_registry.csv,labeled,,/Users/inventure71/VSProjects/School/Dream2Detect/data/real/source/redf0xwin_recognizing_defects_in_boxes_and_cardboard/images/0141.jpg,rgb_pad_resize_384,/Users/inventure71/VSProjects/School/Dream2Detect/data/datasets/real_labeled_dataset_current.csv
142,real_redf0xwin_0142,images/0142.jpg,not_applicable,available,labeled,,,,31-35,minor,31-35,minor,31-35,minor,33,real_human_final,Real labeled image real_redf0xwin_0142,,31-35-minor-high.md,,,,,,,,,,,,kaggle:redf0xwin/recognizing-defects-in-boxes-and-cardboard,dent:15,/Users/inventure71/VSProjects/School/Dream2Detect/data/registries/real_relabel_registry.csv,labeled,,/Users/inventure71/VSProjects/School/Dream2Detect/data/real/source/redf0xwin_recognizing_defects_in_boxes_and_cardboard/images/0142.jpg,rgb_pad_resize_384,/Users/inventure71/VSProjects/School/Dream2Detect/data/datasets/real_labeled_dataset_current.csv
143,real_redf0xwin_0143,images/0143.jpg,not_applicable,available,labeled,,,,46-55,moderate,46-55,moderate,46-55,moderate,50,real_human_final,Real labeled image real_redf0xwin_0143,,46-55-moderate-mid.md,,,,,,,,,,,,kaggle:redf0xwin/recognizing-defects-in-boxes-and-cardboard,dent:15,/Users/inventure71/VSProjects/School/Dream2Detect/data/registries/real_relabel_registry.csv,labeled,,/Users/inventure71/VSProjects/School/Dream2Detect/data/real/source/redf0xwin_recognizing_defects_in_boxes_and_cardboard/images/0143.jpg,rgb_pad_resize_384,/Users/inventure71/VSProjects/School/Dream2Detect/data/datasets/real_labeled_dataset_current.csv
144,real_redf0xwin_0144,images/0144.jpg,not_applicable,available,labeled,,,,36-45,moderate,36-45,moderate,36-45,moderate,40,real_human_final,Real labeled image real_redf0xwin_0144,,36-45-moderate-low.md,,,,,,,,,,,,kaggle:redf0xwin/recognizing-defects-in-boxes-and-cardboard,dent:20;dirt:2;hole:1,/Users/inventure71/VSProjects/School/Dream2Detect/data/registries/real_relabel_registry.csv,labeled,,/Users/inventure71/VSProjects/School/Dream2Detect/data/real/source/redf0xwin_recognizing_defects_in_boxes_and_cardboard/images/0144.jpg,rgb_pad_resize_384,/Users/inventure71/VSProjects/School/Dream2Detect/data/datasets/real_labeled_dataset_current.csv
145,real_redf0xwin_0145,images/0145.jpg,not_applicable,available,labeled,,,,46-55,moderate,46-55,moderate,46-55,moderate,50,real_human_final,Real labeled image real_redf0xwin_0145,,46-55-moderate-mid.md,,,,,,,,,,,,kaggle:redf0xwin/recognizing-defects-in-boxes-and-cardboard,dent:18;dirt:2;hole:2,/Users/inventure71/VSProjects/School/Dream2Detect/data/registries/real_relabel_registry.csv,labeled,,/Users/inventure71/VSProjects/School/Dream2Detect/data/real/source/redf0xwin_recognizing_defects_in_boxes_and_cardboard/images/0145.jpg,rgb_pad_resize_384,/Users/inventure71/VSProjects/School/Dream2Detect/data/datasets/real_labeled_dataset_current.csv
146,real_redf0xwin_0146,images/0146.jpg,not_applicable,available,labeled,,,,36-45,moderate,36-45,moderate,36-45,moderate,40,real_human_final,Real labeled image real_redf0xwin_0146,,36-45-moderate-low.md,,,,,,,,,,,,kaggle:redf0xwin/recognizing-defects-in-boxes-and-cardboard,dent:8;hole:1,/Users/inventure71/VSProjects/School/Dream2Detect/data/registries/real_relabel_registry.csv,labeled,,/Users/inventure71/VSProjects/School/Dream2Detect/data/real/source/redf0xwin_recognizing_defects_in_boxes_and_cardboard/images/0146.jpg,rgb_pad_resize_384,/Users/inventure71/VSProjects/School/Dream2Detect/data/datasets/real_labeled_dataset_current.csv
147,real_redf0xwin_0147,images/0147.jpg,not_applicable,available,labeled,,,,66-75,severe,66-75,severe,66-75,severe,70,real_human_final,Real labeled image real_redf0xwin_0147,,66-75-severe-low.md,,,,,,,,,,,,kaggle:redf0xwin/recognizing-defects-in-boxes-and-cardboard,dent:37;hole:3,/Users/inventure71/VSProjects/School/Dream2Detect/data/registries/real_relabel_registry.csv,labeled,,/Users/inventure71/VSProjects/School/Dream2Detect/data/real/source/redf0xwin_recognizing_defects_in_boxes_and_cardboard/images/0147.jpg,rgb_pad_resize_384,/Users/inventure71/VSProjects/School/Dream2Detect/data/datasets/real_labeled_dataset_current.csv
148,real_redf0xwin_0148,images/0148.jpg,not_applicable,available,labeled,,,,46-55,moderate,46-55,moderate,46-55,moderate,50,real_human_final,Real labeled image real_redf0xwin_0148,,46-55-moderate-mid.md,,,,,,,,,,,,kaggle:redf0xwin/recognizing-defects-in-boxes-and-cardboard,dent:52,/Users/inventure71/VSProjects/School/Dream2Detect/data/registries/real_relabel_registry.csv,labeled,,/Users/inventure71/VSProjects/School/Dream2Detect/data/real/source/redf0xwin_recognizing_defects_in_boxes_and_cardboard/images/0148.jpg,rgb_pad_resize_384,/Users/inventure71/VSProjects/School/Dream2Detect/data/datasets/real_labeled_dataset_current.csv
149,real_redf0xwin_0149,images/0149.jpg,not_applicable,available,labeled,,,,66-75,severe,66-75,severe,66-75,severe,70,real_human_final,Real labeled image real_redf0xwin_0149,,66-75-severe-low.md,,,,,,,,,,,,kaggle:redf0xwin/recognizing-defects-in-boxes-and-cardboard,dent:18,/Users/inventure71/VSProjects/School/Dream2Detect/data/registries/real_relabel_registry.csv,labeled,,/Users/inventure71/VSProjects/School/Dream2Detect/data/real/source/redf0xwin_recognizing_defects_in_boxes_and_cardboard/images/0149.jpg,rgb_pad_resize_384,/Users/inventure71/VSProjects/School/Dream2Detect/data/datasets/real_labeled_dataset_current.csv
150,real_redf0xwin_0150,images/0150.jpg,not_applicable,available,labeled,,,,56-65,moderate,56-65,moderate,56-65,moderate,60,real_human_final,Real labeled image real_redf0xwin_0150,,56-65-moderate-high.md,,,,,,,,,,,,kaggle:redf0xwin/recognizing-defects-in-boxes-and-cardboard,dent:51;dirt:10;hole:2,/Users/inventure71/VSProjects/School/Dream2Detect/data/registries/real_relabel_registry.csv,labeled,,/Users/inventure71/VSProjects/School/Dream2Detect/data/real/source/redf0xwin_recognizing_defects_in_boxes_and_cardboard/images/0150.jpg,rgb_pad_resize_384,/Users/inventure71/VSProjects/School/Dream2Detect/data/datasets/real_labeled_dataset_current.csv
151,real_redf0xwin_0151,images/0151.jpg,not_applicable,available,labeled,,,,46-55,moderate,46-55,moderate,46-55,moderate,50,real_human_final,Real labeled image real_redf0xwin_0151,,46-55-moderate-mid.md,,,,,,,,,,,,kaggle:redf0xwin/recognizing-defects-in-boxes-and-cardboard,dent:37;hole:1,/Users/inventure71/VSProjects/School/Dream2Detect/data/registries/real_relabel_registry.csv,labeled,,/Users/inventure71/VSProjects/School/Dream2Detect/data/real/source/redf0xwin_recognizing_defects_in_boxes_and_cardboard/images/0151.jpg,rgb_pad_resize_384,/Users/inventure71/VSProjects/School/Dream2Detect/data/datasets/real_labeled_dataset_current.csv
152,real_redf0xwin_0152,images/0152.jpg,not_applicable,available,labeled,,,,66-75,severe,66-75,severe,66-75,severe,70,real_human_final,Real labeled image real_redf0xwin_0152,,66-75-severe-low.md,,,,,,,,,,,,kaggle:redf0xwin/recognizing-defects-in-boxes-and-cardboard,dent:21;hole:2,/Users/inventure71/VSProjects/School/Dream2Detect/data/registries/real_relabel_registry.csv,labeled,,/Users/inventure71/VSProjects/School/Dream2Detect/data/real/source/redf0xwin_recognizing_defects_in_boxes_and_cardboard/images/0152.jpg,rgb_pad_resize_384,/Users/inventure71/VSProjects/School/Dream2Detect/data/datasets/real_labeled_dataset_current.csv
153,real_redf0xwin_0153,images/0153.jpg,not_applicable,available,labeled,,,,66-75,severe,66-75,severe,66-75,severe,70,real_human_final,Real labeled image real_redf0xwin_0153,,66-75-severe-low.md,,,,,,,,,,,,kaggle:redf0xwin/recognizing-defects-in-boxes-and-cardboard,dent:16;hole:2,/Users/inventure71/VSProjects/School/Dream2Detect/data/registries/real_relabel_registry.csv,labeled,,/Users/inventure71/VSProjects/School/Dream2Detect/data/real/source/redf0xwin_recognizing_defects_in_boxes_and_cardboard/images/0153.jpg,rgb_pad_resize_384,/Users/inventure71/VSProjects/School/Dream2Detect/data/datasets/real_labeled_dataset_current.csv
154,real_redf0xwin_0154,images/0154.jpg,not_applicable,available,labeled,,,,56-65,moderate,56-65,moderate,56-65,moderate,60,real_human_final,Real labeled image real_redf0xwin_0154,,56-65-moderate-high.md,,,,,,,,,,,,kaggle:redf0xwin/recognizing-defects-in-boxes-and-cardboard,dent:41;hole:6,/Users/inventure71/VSProjects/School/Dream2Detect/data/registries/real_relabel_registry.csv,labeled,,/Users/inventure71/VSProjects/School/Dream2Detect/data/real/source/redf0xwin_recognizing_defects_in_boxes_and_cardboard/images/0154.jpg,rgb_pad_resize_384,/Users/inventure71/VSProjects/School/Dream2Detect/data/datasets/real_labeled_dataset_current.csv
155,real_redf0xwin_0155,images/0155.jpg,not_applicable,available,labeled,,,,56-65,moderate,56-65,moderate,56-65,moderate,60,real_human_final,Real labeled image real_redf0xwin_0155,,56-65-moderate-high.md,,,,,,,,,,,,kaggle:redf0xwin/recognizing-defects-in-boxes-and-cardboard,dent:25;dirt:8;hole:1,/Users/inventure71/VSProjects/School/Dream2Detect/data/registries/real_relabel_registry.csv,labeled,,/Users/inventure71/VSProjects/School/Dream2Detect/data/real/source/redf0xwin_recognizing_defects_in_boxes_and_cardboard/images/0155.jpg,rgb_pad_resize_384,/Users/inventure71/VSProjects/School/Dream2Detect/data/datasets/real_labeled_dataset_current.csv
156,real_redf0xwin_0156,images/0156.jpg,not_applicable,available,labeled,,,,46-55,moderate,46-55,moderate,46-55,moderate,50,real_human_final,Real labeled image real_redf0xwin_0156,,46-55-moderate-mid.md,,,,,,,,,,,,kaggle:redf0xwin/recognizing-defects-in-boxes-and-cardboard,dent:21,/Users/inventure71/VSProjects/School/Dream2Detect/data/registries/real_relabel_registry.csv,labeled,,/Users/inventure71/VSProjects/School/Dream2Detect/data/real/source/redf0xwin_recognizing_defects_in_boxes_and_cardboard/images/0156.jpg,rgb_pad_resize_384,/Users/inventure71/VSProjects/School/Dream2Detect/data/datasets/real_labeled_dataset_current.csv
157,real_redf0xwin_0157,images/0157.jpg,not_applicable,available,labeled,,,,56-65,moderate,56-65,moderate,56-65,moderate,60,real_human_final,Real labeled image real_redf0xwin_0157,,56-65-moderate-high.md,,,,,,,,,,,,kaggle:redf0xwin/recognizing-defects-in-boxes-and-cardboard,dent:44;hole:4,/Users/inventure71/VSProjects/School/Dream2Detect/data/registries/real_relabel_registry.csv,labeled,,/Users/inventure71/VSProjects/School/Dream2Detect/data/real/source/redf0xwin_recognizing_defects_in_boxes_and_cardboard/images/0157.jpg,rgb_pad_resize_384,/Users/inventure71/VSProjects/School/Dream2Detect/data/datasets/real_labeled_dataset_current.csv
158,real_redf0xwin_0158,images/0158.jpg,not_applicable,available,labeled,,,,46-55,moderate,46-55,moderate,46-55,moderate,50,real_human_final,Real labeled image real_redf0xwin_0158,,46-55-moderate-mid.md,,,,,,,,,,,,kaggle:redf0xwin/recognizing-defects-in-boxes-and-cardboard,dent:14;hole:1,/Users/inventure71/VSProjects/School/Dream2Detect/data/registries/real_relabel_registry.csv,labeled,,/Users/inventure71/VSProjects/School/Dream2Detect/data/real/source/redf0xwin_recognizing_defects_in_boxes_and_cardboard/images/0158.jpg,rgb_pad_resize_384,/Users/inventure71/VSProjects/School/Dream2Detect/data/datasets/real_labeled_dataset_current.csv
159,real_redf0xwin_0159,images/0159.jpg,not_applicable,available,labeled,,,,36-45,moderate,36-45,moderate,36-45,moderate,40,real_human_final,Real labeled image real_redf0xwin_0159,,36-45-moderate-low.md,,,,,,,,,,,,kaggle:redf0xwin/recognizing-defects-in-boxes-and-cardboard,dent:7,/Users/inventure71/VSProjects/School/Dream2Detect/data/registries/real_relabel_registry.csv,labeled,,/Users/inventure71/VSProjects/School/Dream2Detect/data/real/source/redf0xwin_recognizing_defects_in_boxes_and_cardboard/images/0159.jpg,rgb_pad_resize_384,/Users/inventure71/VSProjects/School/Dream2Detect/data/datasets/real_labeled_dataset_current.csv
160,real_redf0xwin_0160,images/0160.jpg,not_applicable,available,labeled,,,,46-55,moderate,46-55,moderate,46-55,moderate,50,real_human_final,Real labeled image real_redf0xwin_0160,,46-55-moderate-mid.md,,,,,,,,,,,,kaggle:redf0xwin/recognizing-defects-in-boxes-and-cardboard,dent:48,/Users/inventure71/VSProjects/School/Dream2Detect/data/registries/real_relabel_registry.csv,labeled,,/Users/inventure71/VSProjects/School/Dream2Detect/data/real/source/redf0xwin_recognizing_defects_in_boxes_and_cardboard/images/0160.jpg,rgb_pad_resize_384,/Users/inventure71/VSProjects/School/Dream2Detect/data/datasets/real_labeled_dataset_current.csv
161,real_redf0xwin_0161,images/0161.jpg,not_applicable,available,labeled,,,,66-75,severe,66-75,severe,66-75,severe,70,real_human_final,Real labeled image real_redf0xwin_0161,,66-75-severe-low.md,,,,,,,,,,,,kaggle:redf0xwin/recognizing-defects-in-boxes-and-cardboard,dent:18;dirt:1,/Users/inventure71/VSProjects/School/Dream2Detect/data/registries/real_relabel_registry.csv,labeled,,/Users/inventure71/VSProjects/School/Dream2Detect/data/real/source/redf0xwin_recognizing_defects_in_boxes_and_cardboard/images/0161.jpg,rgb_pad_resize_384,/Users/inventure71/VSProjects/School/Dream2Detect/data/datasets/real_labeled_dataset_current.csv
162,real_redf0xwin_0162,images/0162.jpg,not_applicable,available,labeled,,,,56-65,moderate,56-65,moderate,56-65,moderate,60,real_human_final,Real labeled image real_redf0xwin_0162,,56-65-moderate-high.md,,,,,,,,,,,,kaggle:redf0xwin/recognizing-defects-in-boxes-and-cardboard,dent:32,/Users/inventure71/VSProjects/School/Dream2Detect/data/registries/real_relabel_registry.csv,labeled,,/Users/inventure71/VSProjects/School/Dream2Detect/data/real/source/redf0xwin_recognizing_defects_in_boxes_and_cardboard/images/0162.jpg,rgb_pad_resize_384,/Users/inventure71/VSProjects/School/Dream2Detect/data/datasets/real_labeled_dataset_current.csv
163,real_redf0xwin_0163,images/0163.jpg,not_applicable,available,labeled,,,,46-55,moderate,46-55,moderate,46-55,moderate,50,real_human_final,Real labeled image real_redf0xwin_0163,,46-55-moderate-mid.md,,,,,,,,,,,,kaggle:redf0xwin/recognizing-defects-in-boxes-and-cardboard,dent:17;dirt:1,/Users/inventure71/VSProjects/School/Dream2Detect/data/registries/real_relabel_registry.csv,labeled,,/Users/inventure71/VSProjects/School/Dream2Detect/data/real/source/redf0xwin_recognizing_defects_in_boxes_and_cardboard/images/0163.jpg,rgb_pad_resize_384,/Users/inventure71/VSProjects/School/Dream2Detect/data/datasets/real_labeled_dataset_current.csv
164,real_redf0xwin_0164,images/0164.jpg,not_applicable,available,labeled,,,,56-65,moderate,56-65,moderate,56-65,moderate,60,real_human_final,Real labeled image real_redf0xwin_0164,,56-65-moderate-high.md,,,,,,,,,,,,kaggle:redf0xwin/recognizing-defects-in-boxes-and-cardboard,dent:28;dirt:1,/Users/inventure71/VSProjects/School/Dream2Detect/data/registries/real_relabel_registry.csv,labeled,,/Users/inventure71/VSProjects/School/Dream2Detect/data/real/source/redf0xwin_recognizing_defects_in_boxes_and_cardboard/images/0164.jpg,rgb_pad_resize_384,/Users/inventure71/VSProjects/School/Dream2Detect/data/datasets/real_labeled_dataset_current.csv
165,real_redf0xwin_0165,images/0165.jpg,not_applicable,available,labeled,,,,46-55,moderate,46-55,moderate,46-55,moderate,50,real_human_final,Real labeled image real_redf0xwin_0165,,46-55-moderate-mid.md,,,,,,,,,,,,kaggle:redf0xwin/recognizing-defects-in-boxes-and-cardboard,dent:24,/Users/inventure71/VSProjects/School/Dream2Detect/data/registries/real_relabel_registry.csv,labeled,,/Users/inventure71/VSProjects/School/Dream2Detect/data/real/source/redf0xwin_recognizing_defects_in_boxes_and_cardboard/images/0165.jpg,rgb_pad_resize_384,/Users/inventure71/VSProjects/School/Dream2Detect/data/datasets/real_labeled_dataset_current.csv
166,real_redf0xwin_0166,images/0166.jpg,not_applicable,available,labeled,,,,46-55,moderate,46-55,moderate,46-55,moderate,50,real_human_final,Real labeled image real_redf0xwin_0166,,46-55-moderate-mid.md,,,,,,,,,,,,kaggle:redf0xwin/recognizing-defects-in-boxes-and-cardboard,dent:17,/Users/inventure71/VSProjects/School/Dream2Detect/data/registries/real_relabel_registry.csv,labeled,,/Users/inventure71/VSProjects/School/Dream2Detect/data/real/source/redf0xwin_recognizing_defects_in_boxes_and_cardboard/images/0166.jpg,rgb_pad_resize_384,/Users/inventure71/VSProjects/School/Dream2Detect/data/datasets/real_labeled_dataset_current.csv
167,real_redf0xwin_0167,images/0167.jpg,not_applicable,available,labeled,,,,46-55,moderate,46-55,moderate,46-55,moderate,50,real_human_final,Real labeled image real_redf0xwin_0167,,46-55-moderate-mid.md,,,,,,,,,,,,kaggle:redf0xwin/recognizing-defects-in-boxes-and-cardboard,dent:34;hole:1,/Users/inventure71/VSProjects/School/Dream2Detect/data/registries/real_relabel_registry.csv,labeled,,/Users/inventure71/VSProjects/School/Dream2Detect/data/real/source/redf0xwin_recognizing_defects_in_boxes_and_cardboard/images/0167.jpg,rgb_pad_resize_384,/Users/inventure71/VSProjects/School/Dream2Detect/data/datasets/real_labeled_dataset_current.csv
168,real_redf0xwin_0168,images/0168.jpg,not_applicable,available,labeled,,,,46-55,moderate,46-55,moderate,46-55,moderate,50,real_human_final,Real labeled image real_redf0xwin_0168,,46-55-moderate-mid.md,,,,,,,,,,,,kaggle:redf0xwin/recognizing-defects-in-boxes-and-cardboard,dent:43;dirt:17,/Users/inventure71/VSProjects/School/Dream2Detect/data/registries/real_relabel_registry.csv,labeled,,/Users/inventure71/VSProjects/School/Dream2Detect/data/real/source/redf0xwin_recognizing_defects_in_boxes_and_cardboard/images/0168.jpg,rgb_pad_resize_384,/Users/inventure71/VSProjects/School/Dream2Detect/data/datasets/real_labeled_dataset_current.csv
169,real_redf0xwin_0169,images/0169.jpg,not_applicable,available,labeled,,,,66-75,severe,66-75,severe,66-75,severe,70,real_human_final,Real labeled image real_redf0xwin_0169,,66-75-severe-low.md,,,,,,,,,,,,kaggle:redf0xwin/recognizing-defects-in-boxes-and-cardboard,dent:18,/Users/inventure71/VSProjects/School/Dream2Detect/data/registries/real_relabel_registry.csv,labeled,,/Users/inventure71/VSProjects/School/Dream2Detect/data/real/source/redf0xwin_recognizing_defects_in_boxes_and_cardboard/images/0169.jpg,rgb_pad_resize_384,/Users/inventure71/VSProjects/School/Dream2Detect/data/datasets/real_labeled_dataset_current.csv
170,real_redf0xwin_0170,images/0170.jpg,not_applicable,available,labeled,,,,46-55,moderate,46-55,moderate,46-55,moderate,50,real_human_final,Real labeled image real_redf0xwin_0170,,46-55-moderate-mid.md,,,,,,,,,,,,kaggle:redf0xwin/recognizing-defects-in-boxes-and-cardboard,dent:11,/Users/inventure71/VSProjects/School/Dream2Detect/data/registries/real_relabel_registry.csv,labeled,,/Users/inventure71/VSProjects/School/Dream2Detect/data/real/source/redf0xwin_recognizing_defects_in_boxes_and_cardboard/images/0170.jpg,rgb_pad_resize_384,/Users/inventure71/VSProjects/School/Dream2Detect/data/datasets/real_labeled_dataset_current.csv
171,real_redf0xwin_0171,images/0171.jpg,not_applicable,available,labeled,,,,31-35,minor,31-35,minor,31-35,minor,33,real_human_final,Real labeled image real_redf0xwin_0171,,31-35-minor-high.md,,,,,,,,,,,,kaggle:redf0xwin/recognizing-defects-in-boxes-and-cardboard,dent:22;hole:2,/Users/inventure71/VSProjects/School/Dream2Detect/data/registries/real_relabel_registry.csv,labeled,,/Users/inventure71/VSProjects/School/Dream2Detect/data/real/source/redf0xwin_recognizing_defects_in_boxes_and_cardboard/images/0171.jpg,rgb_pad_resize_384,/Users/inventure71/VSProjects/School/Dream2Detect/data/datasets/real_labeled_dataset_current.csv
172,real_redf0xwin_0172,images/0172.jpg,not_applicable,available,labeled,,,,56-65,moderate,56-65,moderate,56-65,moderate,60,real_human_final,Real labeled image real_redf0xwin_0172,,56-65-moderate-high.md,,,,,,,,,,,,kaggle:redf0xwin/recognizing-defects-in-boxes-and-cardboard,dent:20,/Users/inventure71/VSProjects/School/Dream2Detect/data/registries/real_relabel_registry.csv,labeled,,/Users/inventure71/VSProjects/School/Dream2Detect/data/real/source/redf0xwin_recognizing_defects_in_boxes_and_cardboard/images/0172.jpg,rgb_pad_resize_384,/Users/inventure71/VSProjects/School/Dream2Detect/data/datasets/real_labeled_dataset_current.csv
173,real_redf0xwin_0173,images/0173.jpg,not_applicable,available,labeled,,,,66-75,severe,66-75,severe,66-75,severe,70,real_human_final,Real labeled image real_redf0xwin_0173,,66-75-severe-low.md,,,,,,,,,,,,kaggle:redf0xwin/recognizing-defects-in-boxes-and-cardboard,dent:19,/Users/inventure71/VSProjects/School/Dream2Detect/data/registries/real_relabel_registry.csv,labeled,,/Users/inventure71/VSProjects/School/Dream2Detect/data/real/source/redf0xwin_recognizing_defects_in_boxes_and_cardboard/images/0173.jpg,rgb_pad_resize_384,/Users/inventure71/VSProjects/School/Dream2Detect/data/datasets/real_labeled_dataset_current.csv
174,real_redf0xwin_0174,images/0174.jpg,not_applicable,available,labeled,,,,76-85,severe,76-85,severe,76-85,severe,80,real_human_final,Real labeled image real_redf0xwin_0174,,76-85-severe-mid.md,,,,,,,,,,,,kaggle:redf0xwin/recognizing-defects-in-boxes-and-cardboard,dent:46;hole:1,/Users/inventure71/VSProjects/School/Dream2Detect/data/registries/real_relabel_registry.csv,labeled,,/Users/inventure71/VSProjects/School/Dream2Detect/data/real/source/redf0xwin_recognizing_defects_in_boxes_and_cardboard/images/0174.jpg,rgb_pad_resize_384,/Users/inventure71/VSProjects/School/Dream2Detect/data/datasets/real_labeled_dataset_current.csv
175,real_redf0xwin_0175,images/0175.jpg,not_applicable,available,labeled,,,,56-65,moderate,56-65,moderate,56-65,moderate,60,real_human_final,Real labeled image real_redf0xwin_0175,,56-65-moderate-high.md,,,,,,,,,,,,kaggle:redf0xwin/recognizing-defects-in-boxes-and-cardboard,dent:31,/Users/inventure71/VSProjects/School/Dream2Detect/data/registries/real_relabel_registry.csv,labeled,,/Users/inventure71/VSProjects/School/Dream2Detect/data/real/source/redf0xwin_recognizing_defects_in_boxes_and_cardboard/images/0175.jpg,rgb_pad_resize_384,/Users/inventure71/VSProjects/School/Dream2Detect/data/datasets/real_labeled_dataset_current.csv
176,real_redf0xwin_0176,images/0176.jpg,not_applicable,available,labeled,,,,56-65,moderate,56-65,moderate,56-65,moderate,60,real_human_final,Real labeled image real_redf0xwin_0176,,56-65-moderate-high.md,,,,,,,,,,,,kaggle:redf0xwin/recognizing-defects-in-boxes-and-cardboard,dent:20;dirt:6;hole:1,/Users/inventure71/VSProjects/School/Dream2Detect/data/registries/real_relabel_registry.csv,labeled,,/Users/inventure71/VSProjects/School/Dream2Detect/data/real/source/redf0xwin_recognizing_defects_in_boxes_and_cardboard/images/0176.jpg,rgb_pad_resize_384,/Users/inventure71/VSProjects/School/Dream2Detect/data/datasets/real_labeled_dataset_current.csv
177,real_redf0xwin_0177,images/0177.jpg,not_applicable,available,labeled,,,,66-75,severe,66-75,severe,66-75,severe,70,real_human_final,Real labeled image real_redf0xwin_0177,,66-75-severe-low.md,,,,,,,,,,,,kaggle:redf0xwin/recognizing-defects-in-boxes-and-cardboard,dent:25;dirt:20;hole:5,/Users/inventure71/VSProjects/School/Dream2Detect/data/registries/real_relabel_registry.csv,labeled,,/Users/inventure71/VSProjects/School/Dream2Detect/data/real/source/redf0xwin_recognizing_defects_in_boxes_and_cardboard/images/0177.jpg,rgb_pad_resize_384,/Users/inventure71/VSProjects/School/Dream2Detect/data/datasets/real_labeled_dataset_current.csv
178,real_redf0xwin_0178,images/0178.jpg,not_applicable,available,labeled,,,,56-65,moderate,56-65,moderate,56-65,moderate,60,real_human_final,Real labeled image real_redf0xwin_0178,,56-65-moderate-high.md,,,,,,,,,,,,kaggle:redf0xwin/recognizing-defects-in-boxes-and-cardboard,dent:14;dirt:1;hole:1,/Users/inventure71/VSProjects/School/Dream2Detect/data/registries/real_relabel_registry.csv,labeled,,/Users/inventure71/VSProjects/School/Dream2Detect/data/real/source/redf0xwin_recognizing_defects_in_boxes_and_cardboard/images/0178.jpg,rgb_pad_resize_384,/Users/inventure71/VSProjects/School/Dream2Detect/data/datasets/real_labeled_dataset_current.csv
179,real_redf0xwin_0179,images/0179.jpg,not_applicable,available,labeled,,,,36-45,moderate,36-45,moderate,36-45,moderate,40,real_human_final,Real labeled image real_redf0xwin_0179,,36-45-moderate-low.md,,,,,,,,,,,,kaggle:redf0xwin/recognizing-defects-in-boxes-and-cardboard,dent:13;hole:1,/Users/inventure71/VSProjects/School/Dream2Detect/data/registries/real_relabel_registry.csv,labeled,,/Users/inventure71/VSProjects/School/Dream2Detect/data/real/source/redf0xwin_recognizing_defects_in_boxes_and_cardboard/images/0179.jpg,rgb_pad_resize_384,/Users/inventure71/VSProjects/School/Dream2Detect/data/datasets/real_labeled_dataset_current.csv
180,real_redf0xwin_0180,images/0180.jpg,not_applicable,available,labeled,,,,36-45,moderate,36-45,moderate,36-45,moderate,40,real_human_final,Real labeled image real_redf0xwin_0180,,36-45-moderate-low.md,,,,,,,,,,,,kaggle:redf0xwin/recognizing-defects-in-boxes-and-cardboard,dent:2,/Users/inventure71/VSProjects/School/Dream2Detect/data/registries/real_relabel_registry.csv,labeled,,/Users/inventure71/VSProjects/School/Dream2Detect/data/real/source/redf0xwin_recognizing_defects_in_boxes_and_cardboard/images/0180.jpg,rgb_pad_resize_384,/Users/inventure71/VSProjects/School/Dream2Detect/data/datasets/real_labeled_dataset_current.csv
181,real_redf0xwin_0181,images/0181.jpg,not_applicable,available,labeled,,,,56-65,moderate,56-65,moderate,56-65,moderate,60,real_human_final,Real labeled image real_redf0xwin_0181,,56-65-moderate-high.md,,,,,,,,,,,,kaggle:redf0xwin/recognizing-defects-in-boxes-and-cardboard,dent:10;dirt:1,/Users/inventure71/VSProjects/School/Dream2Detect/data/registries/real_relabel_registry.csv,labeled,,/Users/inventure71/VSProjects/School/Dream2Detect/data/real/source/redf0xwin_recognizing_defects_in_boxes_and_cardboard/images/0181.jpg,rgb_pad_resize_384,/Users/inventure71/VSProjects/School/Dream2Detect/data/datasets/real_labeled_dataset_current.csv
182,real_redf0xwin_0182,images/0182.jpg,not_applicable,available,labeled,,,,46-55,moderate,46-55,moderate,46-55,moderate,50,real_human_final,Real labeled image real_redf0xwin_0182,,46-55-moderate-mid.md,,,,,,,,,,,,kaggle:redf0xwin/recognizing-defects-in-boxes-and-cardboard,dent:26;hole:1,/Users/inventure71/VSProjects/School/Dream2Detect/data/registries/real_relabel_registry.csv,labeled,,/Users/inventure71/VSProjects/School/Dream2Detect/data/real/source/redf0xwin_recognizing_defects_in_boxes_and_cardboard/images/0182.jpg,rgb_pad_resize_384,/Users/inventure71/VSProjects/School/Dream2Detect/data/datasets/real_labeled_dataset_current.csv
184,real_redf0xwin_0184,images/0184.jpg,not_applicable,available,labeled,,,,46-55,moderate,46-55,moderate,46-55,moderate,50,real_human_final,Real labeled image real_redf0xwin_0184,,46-55-moderate-mid.md,,,,,,,,,,,,kaggle:redf0xwin/recognizing-defects-in-boxes-and-cardboard,dent:14,/Users/inventure71/VSProjects/School/Dream2Detect/data/registries/real_relabel_registry.csv,labeled,,/Users/inventure71/VSProjects/School/Dream2Detect/data/real/source/redf0xwin_recognizing_defects_in_boxes_and_cardboard/images/0184.jpg,rgb_pad_resize_384,/Users/inventure71/VSProjects/School/Dream2Detect/data/datasets/real_labeled_dataset_current.csv
185,real_redf0xwin_0185,images/0185.jpg,not_applicable,available,labeled,,,,21-30,minor,21-30,minor,21-30,minor,25,real_human_final,Real labeled image real_redf0xwin_0185,,21-30-minor-mid.md,,,,,,,,,,,,kaggle:redf0xwin/recognizing-defects-in-boxes-and-cardboard,dent:22;dirt:7,/Users/inventure71/VSProjects/School/Dream2Detect/data/registries/real_relabel_registry.csv,labeled,,/Users/inventure71/VSProjects/School/Dream2Detect/data/real/source/redf0xwin_recognizing_defects_in_boxes_and_cardboard/images/0185.jpg,rgb_pad_resize_384,/Users/inventure71/VSProjects/School/Dream2Detect/data/datasets/real_labeled_dataset_current.csv
186,real_redf0xwin_0186,images/0186.jpg,not_applicable,available,labeled,,,,56-65,moderate,56-65,moderate,56-65,moderate,60,real_human_final,Real labeled image real_redf0xwin_0186,,56-65-moderate-high.md,,,,,,,,,,,,kaggle:redf0xwin/recognizing-defects-in-boxes-and-cardboard,dent:12;hole:2,/Users/inventure71/VSProjects/School/Dream2Detect/data/registries/real_relabel_registry.csv,labeled,,/Users/inventure71/VSProjects/School/Dream2Detect/data/real/source/redf0xwin_recognizing_defects_in_boxes_and_cardboard/images/0186.jpg,rgb_pad_resize_384,/Users/inventure71/VSProjects/School/Dream2Detect/data/datasets/real_labeled_dataset_current.csv
187,real_redf0xwin_0187,images/0187.jpg,not_applicable,available,labeled,,,,31-35,minor,31-35,minor,31-35,minor,33,real_human_final,Real labeled image real_redf0xwin_0187,,31-35-minor-high.md,,,,,,,,,,,,kaggle:redf0xwin/recognizing-defects-in-boxes-and-cardboard,dent:14;dirt:9;hole:2,/Users/inventure71/VSProjects/School/Dream2Detect/data/registries/real_relabel_registry.csv,labeled,,/Users/inventure71/VSProjects/School/Dream2Detect/data/real/source/redf0xwin_recognizing_defects_in_boxes_and_cardboard/images/0187.jpg,rgb_pad_resize_384,/Users/inventure71/VSProjects/School/Dream2Detect/data/datasets/real_labeled_dataset_current.csv
188,real_redf0xwin_0188,images/0188.jpg,not_applicable,available,labeled,,,,56-65,moderate,56-65,moderate,56-65,moderate,60,real_human_final,Real labeled image real_redf0xwin_0188,,56-65-moderate-high.md,,,,,,,,,,,,kaggle:redf0xwin/recognizing-defects-in-boxes-and-cardboard,dent:16,/Users/inventure71/VSProjects/School/Dream2Detect/data/registries/real_relabel_registry.csv,labeled,,/Users/inventure71/VSProjects/School/Dream2Detect/data/real/source/redf0xwin_recognizing_defects_in_boxes_and_cardboard/images/0188.jpg,rgb_pad_resize_384,/Users/inventure71/VSProjects/School/Dream2Detect/data/datasets/real_labeled_dataset_current.csv
189,real_redf0xwin_0189,images/0189.jpg,not_applicable,available,labeled,,,,36-45,moderate,36-45,moderate,36-45,moderate,40,real_human_final,Real labeled image real_redf0xwin_0189,,36-45-moderate-low.md,,,,,,,,,,,,kaggle:redf0xwin/recognizing-defects-in-boxes-and-cardboard,dent:12;dirt:7,/Users/inventure71/VSProjects/School/Dream2Detect/data/registries/real_relabel_registry.csv,labeled,,/Users/inventure71/VSProjects/School/Dream2Detect/data/real/source/redf0xwin_recognizing_defects_in_boxes_and_cardboard/images/0189.jpg,rgb_pad_resize_384,/Users/inventure71/VSProjects/School/Dream2Detect/data/datasets/real_labeled_dataset_current.csv
190,real_redf0xwin_0190,images/0190.jpg,not_applicable,available,labeled,,,,36-45,moderate,36-45,moderate,36-45,moderate,40,real_human_final,Real labeled image real_redf0xwin_0190,,36-45-moderate-low.md,,,,,,,,,,,,kaggle:redf0xwin/recognizing-defects-in-boxes-and-cardboard,dent:21,/Users/inventure71/VSProjects/School/Dream2Detect/data/registries/real_relabel_registry.csv,labeled,,/Users/inventure71/VSProjects/School/Dream2Detect/data/real/source/redf0xwin_recognizing_defects_in_boxes_and_cardboard/images/0190.jpg,rgb_pad_resize_384,/Users/inventure71/VSProjects/School/Dream2Detect/data/datasets/real_labeled_dataset_current.csv
191,real_redf0xwin_0191,images/0191.jpg,not_applicable,available,labeled,,,,46-55,moderate,46-55,moderate,46-55,moderate,50,real_human_final,Real labeled image real_redf0xwin_0191,,46-55-moderate-mid.md,,,,,,,,,,,,kaggle:redf0xwin/recognizing-defects-in-boxes-and-cardboard,dent:29;dirt:4;hole:3,/Users/inventure71/VSProjects/School/Dream2Detect/data/registries/real_relabel_registry.csv,labeled,,/Users/inventure71/VSProjects/School/Dream2Detect/data/real/source/redf0xwin_recognizing_defects_in_boxes_and_cardboard/images/0191.jpg,rgb_pad_resize_384,/Users/inventure71/VSProjects/School/Dream2Detect/data/datasets/real_labeled_dataset_current.csv
192,real_redf0xwin_0192,images/0192.jpg,not_applicable,available,labeled,,,,66-75,severe,66-75,severe,66-75,severe,70,real_human_final,Real labeled image real_redf0xwin_0192,,66-75-severe-low.md,,,,,,,,,,,,kaggle:redf0xwin/recognizing-defects-in-boxes-and-cardboard,dent:31;hole:1,/Users/inventure71/VSProjects/School/Dream2Detect/data/registries/real_relabel_registry.csv,labeled,,/Users/inventure71/VSProjects/School/Dream2Detect/data/real/source/redf0xwin_recognizing_defects_in_boxes_and_cardboard/images/0192.jpg,rgb_pad_resize_384,/Users/inventure71/VSProjects/School/Dream2Detect/data/datasets/real_labeled_dataset_current.csv
193,real_redf0xwin_0193,images/0193.jpg,not_applicable,available,labeled,,,,46-55,moderate,46-55,moderate,46-55,moderate,50,real_human_final,Real labeled image real_redf0xwin_0193,,46-55-moderate-mid.md,,,,,,,,,,,,kaggle:redf0xwin/recognizing-defects-in-boxes-and-cardboard,dent:41;dirt:3;hole:1,/Users/inventure71/VSProjects/School/Dream2Detect/data/registries/real_relabel_registry.csv,labeled,,/Users/inventure71/VSProjects/School/Dream2Detect/data/real/source/redf0xwin_recognizing_defects_in_boxes_and_cardboard/images/0193.jpg,rgb_pad_resize_384,/Users/inventure71/VSProjects/School/Dream2Detect/data/datasets/real_labeled_dataset_current.csv
194,real_redf0xwin_0194,images/0194.jpg,not_applicable,available,labeled,,,,56-65,moderate,56-65,moderate,56-65,moderate,60,real_human_final,Real labeled image real_redf0xwin_0194,,56-65-moderate-high.md,,,,,,,,,,,,kaggle:redf0xwin/recognizing-defects-in-boxes-and-cardboard,dent:34;hole:1,/Users/inventure71/VSProjects/School/Dream2Detect/data/registries/real_relabel_registry.csv,labeled,,/Users/inventure71/VSProjects/School/Dream2Detect/data/real/source/redf0xwin_recognizing_defects_in_boxes_and_cardboard/images/0194.jpg,rgb_pad_resize_384,/Users/inventure71/VSProjects/School/Dream2Detect/data/datasets/real_labeled_dataset_current.csv
195,real_redf0xwin_0195,images/0195.jpg,not_applicable,available,labeled,,,,46-55,moderate,46-55,moderate,46-55,moderate,50,real_human_final,Real labeled image real_redf0xwin_0195,,46-55-moderate-mid.md,,,,,,,,,,,,kaggle:redf0xwin/recognizing-defects-in-boxes-and-cardboard,dent:17,/Users/inventure71/VSProjects/School/Dream2Detect/data/registries/real_relabel_registry.csv,labeled,,/Users/inventure71/VSProjects/School/Dream2Detect/data/real/source/redf0xwin_recognizing_defects_in_boxes_and_cardboard/images/0195.jpg,rgb_pad_resize_384,/Users/inventure71/VSProjects/School/Dream2Detect/data/datasets/real_labeled_dataset_current.csv
196,real_redf0xwin_0196,images/0196.jpg,not_applicable,available,labeled,,,,31-35,minor,31-35,minor,31-35,minor,33,real_human_final,Real labeled image real_redf0xwin_0196,,31-35-minor-high.md,,,,,,,,,,,,kaggle:redf0xwin/recognizing-defects-in-boxes-and-cardboard,dent:17,/Users/inventure71/VSProjects/School/Dream2Detect/data/registries/real_relabel_registry.csv,labeled,,/Users/inventure71/VSProjects/School/Dream2Detect/data/real/source/redf0xwin_recognizing_defects_in_boxes_and_cardboard/images/0196.jpg,rgb_pad_resize_384,/Users/inventure71/VSProjects/School/Dream2Detect/data/datasets/real_labeled_dataset_current.csv
197,real_redf0xwin_0197,images/0197.jpg,not_applicable,available,labeled,,,,21-30,minor,21-30,minor,21-30,minor,25,real_human_final,Real labeled image real_redf0xwin_0197,,21-30-minor-mid.md,,,,,,,,,,,,kaggle:redf0xwin/recognizing-defects-in-boxes-and-cardboard,dent:7;dirt:3;hole:2,/Users/inventure71/VSProjects/School/Dream2Detect/data/registries/real_relabel_registry.csv,labeled,,/Users/inventure71/VSProjects/School/Dream2Detect/data/real/source/redf0xwin_recognizing_defects_in_boxes_and_cardboard/images/0197.jpg,rgb_pad_resize_384,/Users/inventure71/VSProjects/School/Dream2Detect/data/datasets/real_labeled_dataset_current.csv
198,real_redf0xwin_0198,images/0198.jpg,not_applicable,available,labeled,,,,56-65,moderate,56-65,moderate,56-65,moderate,60,real_human_final,Real labeled image real_redf0xwin_0198,,56-65-moderate-high.md,,,,,,,,,,,,kaggle:redf0xwin/recognizing-defects-in-boxes-and-cardboard,dent:6,/Users/inventure71/VSProjects/School/Dream2Detect/data/registries/real_relabel_registry.csv,labeled,,/Users/inventure71/VSProjects/School/Dream2Detect/data/real/source/redf0xwin_recognizing_defects_in_boxes_and_cardboard/images/0198.jpg,rgb_pad_resize_384,/Users/inventure71/VSProjects/School/Dream2Detect/data/datasets/real_labeled_dataset_current.csv
199,real_redf0xwin_0199,images/0199.jpg,not_applicable,available,labeled,,,,46-55,moderate,46-55,moderate,46-55,moderate,50,real_human_final,Real labeled image real_redf0xwin_0199,,46-55-moderate-mid.md,,,,,,,,,,,,kaggle:redf0xwin/recognizing-defects-in-boxes-and-cardboard,dent:20;hole:1,/Users/inventure71/VSProjects/School/Dream2Detect/data/registries/real_relabel_registry.csv,labeled,,/Users/inventure71/VSProjects/School/Dream2Detect/data/real/source/redf0xwin_recognizing_defects_in_boxes_and_cardboard/images/0199.jpg,rgb_pad_resize_384,/Users/inventure71/VSProjects/School/Dream2Detect/data/datasets/real_labeled_dataset_current.csv
200,real_redf0xwin_0200,images/0200.jpg,not_applicable,available,labeled,,,,66-75,severe,66-75,severe,66-75,severe,70,real_human_final,Real labeled image real_redf0xwin_0200,,66-75-severe-low.md,,,,,,,,,,,,kaggle:redf0xwin/recognizing-defects-in-boxes-and-cardboard,dent:15,/Users/inventure71/VSProjects/School/Dream2Detect/data/registries/real_relabel_registry.csv,labeled,,/Users/inventure71/VSProjects/School/Dream2Detect/data/real/source/redf0xwin_recognizing_defects_in_boxes_and_cardboard/images/0200.jpg,rgb_pad_resize_384,/Users/inventure71/VSProjects/School/Dream2Detect/data/datasets/real_labeled_dataset_current.csv
201,real_redf0xwin_0201,images/0201.jpg,not_applicable,available,labeled,,,,56-65,moderate,56-65,moderate,56-65,moderate,60,real_human_final,Real labeled image real_redf0xwin_0201,,56-65-moderate-high.md,,,,,,,,,,,,kaggle:redf0xwin/recognizing-defects-in-boxes-and-cardboard,dent:12;dirt:2;hole:1,/Users/inventure71/VSProjects/School/Dream2Detect/data/registries/real_relabel_registry.csv,labeled,,/Users/inventure71/VSProjects/School/Dream2Detect/data/real/source/redf0xwin_recognizing_defects_in_boxes_and_cardboard/images/0201.jpg,rgb_pad_resize_384,/Users/inventure71/VSProjects/School/Dream2Detect/data/datasets/real_labeled_dataset_current.csv
202,real_redf0xwin_0202,images/0202.jpg,not_applicable,available,labeled,,,,56-65,moderate,56-65,moderate,56-65,moderate,60,real_human_final,Real labeled image real_redf0xwin_0202,,56-65-moderate-high.md,,,,,,,,,,,,kaggle:redf0xwin/recognizing-defects-in-boxes-and-cardboard,dent:30;hole:1,/Users/inventure71/VSProjects/School/Dream2Detect/data/registries/real_relabel_registry.csv,labeled,,/Users/inventure71/VSProjects/School/Dream2Detect/data/real/source/redf0xwin_recognizing_defects_in_boxes_and_cardboard/images/0202.jpg,rgb_pad_resize_384,/Users/inventure71/VSProjects/School/Dream2Detect/data/datasets/real_labeled_dataset_current.csv
203,real_redf0xwin_0203,images/0203.jpg,not_applicable,available,labeled,,,,66-75,severe,66-75,severe,66-75,severe,70,real_human_final,Real labeled image real_redf0xwin_0203,,66-75-severe-low.md,,,,,,,,,,,,kaggle:redf0xwin/recognizing-defects-in-boxes-and-cardboard,dent:23,/Users/inventure71/VSProjects/School/Dream2Detect/data/registries/real_relabel_registry.csv,labeled,,/Users/inventure71/VSProjects/School/Dream2Detect/data/real/source/redf0xwin_recognizing_defects_in_boxes_and_cardboard/images/0203.jpg,rgb_pad_resize_384,/Users/inventure71/VSProjects/School/Dream2Detect/data/datasets/real_labeled_dataset_current.csv
204,real_redf0xwin_0204,images/0204.jpg,not_applicable,available,labeled,,,,11-20,minor,11-20,minor,11-20,minor,15,real_human_final,Real labeled image real_redf0xwin_0204,,11-20-minor-low.md,,,,,,,,,,,,kaggle:redf0xwin/recognizing-defects-in-boxes-and-cardboard,dent:5;dirt:1,/Users/inventure71/VSProjects/School/Dream2Detect/data/registries/real_relabel_registry.csv,labeled,,/Users/inventure71/VSProjects/School/Dream2Detect/data/real/source/redf0xwin_recognizing_defects_in_boxes_and_cardboard/images/0204.jpg,rgb_pad_resize_384,/Users/inventure71/VSProjects/School/Dream2Detect/data/datasets/real_labeled_dataset_current.csv
205,real_redf0xwin_0205,images/0205.jpg,not_applicable,available,labeled,,,,76-85,severe,76-85,severe,76-85,severe,80,real_human_final,Real labeled image real_redf0xwin_0205,,76-85-severe-mid.md,,,,,,,,,,,,kaggle:redf0xwin/recognizing-defects-in-boxes-and-cardboard,dent:19,/Users/inventure71/VSProjects/School/Dream2Detect/data/registries/real_relabel_registry.csv,labeled,,/Users/inventure71/VSProjects/School/Dream2Detect/data/real/source/redf0xwin_recognizing_defects_in_boxes_and_cardboard/images/0205.jpg,rgb_pad_resize_384,/Users/inventure71/VSProjects/School/Dream2Detect/data/datasets/real_labeled_dataset_current.csv
206,real_redf0xwin_0206,images/0206.jpg,not_applicable,available,labeled,,,,46-55,moderate,46-55,moderate,46-55,moderate,50,real_human_final,Real labeled image real_redf0xwin_0206,,46-55-moderate-mid.md,,,,,,,,,,,,kaggle:redf0xwin/recognizing-defects-in-boxes-and-cardboard,dent:6,/Users/inventure71/VSProjects/School/Dream2Detect/data/registries/real_relabel_registry.csv,labeled,,/Users/inventure71/VSProjects/School/Dream2Detect/data/real/source/redf0xwin_recognizing_defects_in_boxes_and_cardboard/images/0206.jpg,rgb_pad_resize_384,/Users/inventure71/VSProjects/School/Dream2Detect/data/datasets/real_labeled_dataset_current.csv
207,real_redf0xwin_0207,images/0207.jpg,not_applicable,available,labeled,,,,56-65,moderate,56-65,moderate,56-65,moderate,60,real_human_final,Real labeled image real_redf0xwin_0207,,56-65-moderate-high.md,,,,,,,,,,,,kaggle:redf0xwin/recognizing-defects-in-boxes-and-cardboard,dent:38;dirt:2,/Users/inventure71/VSProjects/School/Dream2Detect/data/registries/real_relabel_registry.csv,labeled,,/Users/inventure71/VSProjects/School/Dream2Detect/data/real/source/redf0xwin_recognizing_defects_in_boxes_and_cardboard/images/0207.jpg,rgb_pad_resize_384,/Users/inventure71/VSProjects/School/Dream2Detect/data/datasets/real_labeled_dataset_current.csv
208,real_redf0xwin_0208,images/0208.jpg,not_applicable,available,labeled,,,,46-55,moderate,46-55,moderate,46-55,moderate,50,real_human_final,Real labeled image real_redf0xwin_0208,,46-55-moderate-mid.md,,,,,,,,,,,,kaggle:redf0xwin/recognizing-defects-in-boxes-and-cardboard,dent:18,/Users/inventure71/VSProjects/School/Dream2Detect/data/registries/real_relabel_registry.csv,labeled,,/Users/inventure71/VSProjects/School/Dream2Detect/data/real/source/redf0xwin_recognizing_defects_in_boxes_and_cardboard/images/0208.jpg,rgb_pad_resize_384,/Users/inventure71/VSProjects/School/Dream2Detect/data/datasets/real_labeled_dataset_current.csv
209,real_redf0xwin_0209,images/0209.jpg,not_applicable,available,labeled,,,,31-35,minor,31-35,minor,31-35,minor,33,real_human_final,Real labeled image real_redf0xwin_0209,,31-35-minor-high.md,,,,,,,,,,,,kaggle:redf0xwin/recognizing-defects-in-boxes-and-cardboard,dent:24;dirt:8;hole:1,/Users/inventure71/VSProjects/School/Dream2Detect/data/registries/real_relabel_registry.csv,labeled,,/Users/inventure71/VSProjects/School/Dream2Detect/data/real/source/redf0xwin_recognizing_defects_in_boxes_and_cardboard/images/0209.jpg,rgb_pad_resize_384,/Users/inventure71/VSProjects/School/Dream2Detect/data/datasets/real_labeled_dataset_current.csv
210,real_redf0xwin_0210,images/0210.jpg,not_applicable,available,labeled,,,,66-75,severe,66-75,severe,66-75,severe,70,real_human_final,Real labeled image real_redf0xwin_0210,,66-75-severe-low.md,,,,,,,,,,,,kaggle:redf0xwin/recognizing-defects-in-boxes-and-cardboard,dent:27;hole:2,/Users/inventure71/VSProjects/School/Dream2Detect/data/registries/real_relabel_registry.csv,labeled,,/Users/inventure71/VSProjects/School/Dream2Detect/data/real/source/redf0xwin_recognizing_defects_in_boxes_and_cardboard/images/0210.jpg,rgb_pad_resize_384,/Users/inventure71/VSProjects/School/Dream2Detect/data/datasets/real_labeled_dataset_current.csv
211,real_redf0xwin_0211,images/0211.jpg,not_applicable,available,labeled,,,,76-85,severe,76-85,severe,76-85,severe,80,real_human_final,Real labeled image real_redf0xwin_0211,,76-85-severe-mid.md,,,,,,,,,,,,kaggle:redf0xwin/recognizing-defects-in-boxes-and-cardboard,dent:42;hole:7,/Users/inventure71/VSProjects/School/Dream2Detect/data/registries/real_relabel_registry.csv,labeled,,/Users/inventure71/VSProjects/School/Dream2Detect/data/real/source/redf0xwin_recognizing_defects_in_boxes_and_cardboard/images/0211.jpg,rgb_pad_resize_384,/Users/inventure71/VSProjects/School/Dream2Detect/data/datasets/real_labeled_dataset_current.csv
212,real_redf0xwin_0212,images/0212.jpg,not_applicable,available,labeled,,,,21-30,minor,21-30,minor,21-30,minor,25,real_human_final,Real labeled image real_redf0xwin_0212,,21-30-minor-mid.md,,,,,,,,,,,,kaggle:redf0xwin/recognizing-defects-in-boxes-and-cardboard,dent:19;dirt:1,/Users/inventure71/VSProjects/School/Dream2Detect/data/registries/real_relabel_registry.csv,labeled,,/Users/inventure71/VSProjects/School/Dream2Detect/data/real/source/redf0xwin_recognizing_defects_in_boxes_and_cardboard/images/0212.jpg,rgb_pad_resize_384,/Users/inventure71/VSProjects/School/Dream2Detect/data/datasets/real_labeled_dataset_current.csv
213,real_redf0xwin_0213,images/0213.jpg,not_applicable,available,labeled,,,,36-45,moderate,36-45,moderate,36-45,moderate,40,real_human_final,Real labeled image real_redf0xwin_0213,,36-45-moderate-low.md,,,,,,,,,,,,kaggle:redf0xwin/recognizing-defects-in-boxes-and-cardboard,dent:21;dirt:9;hole:2,/Users/inventure71/VSProjects/School/Dream2Detect/data/registries/real_relabel_registry.csv,labeled,,/Users/inventure71/VSProjects/School/Dream2Detect/data/real/source/redf0xwin_recognizing_defects_in_boxes_and_cardboard/images/0213.jpg,rgb_pad_resize_384,/Users/inventure71/VSProjects/School/Dream2Detect/data/datasets/real_labeled_dataset_current.csv
214,real_redf0xwin_0214,images/0214.jpg,not_applicable,available,labeled,,,,31-35,minor,31-35,minor,31-35,minor,33,real_human_final,Real labeled image real_redf0xwin_0214,,31-35-minor-high.md,,,,,,,,,,,,kaggle:redf0xwin/recognizing-defects-in-boxes-and-cardboard,dent:17,/Users/inventure71/VSProjects/School/Dream2Detect/data/registries/real_relabel_registry.csv,labeled,,/Users/inventure71/VSProjects/School/Dream2Detect/data/real/source/redf0xwin_recognizing_defects_in_boxes_and_cardboard/images/0214.jpg,rgb_pad_resize_384,/Users/inventure71/VSProjects/School/Dream2Detect/data/datasets/real_labeled_dataset_current.csv
215,real_redf0xwin_0215,images/0215.jpg,not_applicable,available,labeled,,,,36-45,moderate,36-45,moderate,36-45,moderate,40,real_human_final,Real labeled image real_redf0xwin_0215,,36-45-moderate-low.md,,,,,,,,,,,,kaggle:redf0xwin/recognizing-defects-in-boxes-and-cardboard,dent:18,/Users/inventure71/VSProjects/School/Dream2Detect/data/registries/real_relabel_registry.csv,labeled,,/Users/inventure71/VSProjects/School/Dream2Detect/data/real/source/redf0xwin_recognizing_defects_in_boxes_and_cardboard/images/0215.jpg,rgb_pad_resize_384,/Users/inventure71/VSProjects/School/Dream2Detect/data/datasets/real_labeled_dataset_current.csv
216,real_redf0xwin_0216,images/0216.jpg,not_applicable,available,labeled,,,,56-65,moderate,56-65,moderate,56-65,moderate,60,real_human_final,Real labeled image real_redf0xwin_0216,,56-65-moderate-high.md,,,,,,,,,,,,kaggle:redf0xwin/recognizing-defects-in-boxes-and-cardboard,dent:7,/Users/inventure71/VSProjects/School/Dream2Detect/data/registries/real_relabel_registry.csv,labeled,,/Users/inventure71/VSProjects/School/Dream2Detect/data/real/source/redf0xwin_recognizing_defects_in_boxes_and_cardboard/images/0216.jpg,rgb_pad_resize_384,/Users/inventure71/VSProjects/School/Dream2Detect/data/datasets/real_labeled_dataset_current.csv
217,real_redf0xwin_0217,images/0217.jpg,not_applicable,available,labeled,,,,66-75,severe,66-75,severe,66-75,severe,70,real_human_final,Real labeled image real_redf0xwin_0217,,66-75-severe-low.md,,,,,,,,,,,,kaggle:redf0xwin/recognizing-defects-in-boxes-and-cardboard,dent:24,/Users/inventure71/VSProjects/School/Dream2Detect/data/registries/real_relabel_registry.csv,labeled,,/Users/inventure71/VSProjects/School/Dream2Detect/data/real/source/redf0xwin_recognizing_defects_in_boxes_and_cardboard/images/0217.jpg,rgb_pad_resize_384,/Users/inventure71/VSProjects/School/Dream2Detect/data/datasets/real_labeled_dataset_current.csv
218,real_redf0xwin_0218,images/0218.jpg,not_applicable,available,labeled,,,,56-65,moderate,56-65,moderate,56-65,moderate,60,real_human_final,Real labeled image real_redf0xwin_0218,,56-65-moderate-high.md,,,,,,,,,,,,kaggle:redf0xwin/recognizing-defects-in-boxes-and-cardboard,dent:20;hole:2,/Users/inventure71/VSProjects/School/Dream2Detect/data/registries/real_relabel_registry.csv,labeled,,/Users/inventure71/VSProjects/School/Dream2Detect/data/real/source/redf0xwin_recognizing_defects_in_boxes_and_cardboard/images/0218.jpg,rgb_pad_resize_384,/Users/inventure71/VSProjects/School/Dream2Detect/data/datasets/real_labeled_dataset_current.csv
219,real_redf0xwin_0219,images/0219.jpg,not_applicable,available,labeled,,,,56-65,moderate,56-65,moderate,56-65,moderate,60,real_human_final,Real labeled image real_redf0xwin_0219,,56-65-moderate-high.md,,,,,,,,,,,,kaggle:redf0xwin/recognizing-defects-in-boxes-and-cardboard,dent:26,/Users/inventure71/VSProjects/School/Dream2Detect/data/registries/real_relabel_registry.csv,labeled,,/Users/inventure71/VSProjects/School/Dream2Detect/data/real/source/redf0xwin_recognizing_defects_in_boxes_and_cardboard/images/0219.jpg,rgb_pad_resize_384,/Users/inventure71/VSProjects/School/Dream2Detect/data/datasets/real_labeled_dataset_current.csv
220,real_redf0xwin_0220,images/0220.jpg,not_applicable,available,labeled,,,,66-75,severe,66-75,severe,66-75,severe,70,real_human_final,Real labeled image real_redf0xwin_0220,,66-75-severe-low.md,,,,,,,,,,,,kaggle:redf0xwin/recognizing-defects-in-boxes-and-cardboard,dent:48;dirt:1;hole:1,/Users/inventure71/VSProjects/School/Dream2Detect/data/registries/real_relabel_registry.csv,labeled,,/Users/inventure71/VSProjects/School/Dream2Detect/data/real/source/redf0xwin_recognizing_defects_in_boxes_and_cardboard/images/0220.jpg,rgb_pad_resize_384,/Users/inventure71/VSProjects/School/Dream2Detect/data/datasets/real_labeled_dataset_current.csv
221,real_redf0xwin_0221,images/0221.jpg,not_applicable,available,labeled,,,,66-75,severe,66-75,severe,66-75,severe,70,real_human_final,Real labeled image real_redf0xwin_0221,,66-75-severe-low.md,,,,,,,,,,,,kaggle:redf0xwin/recognizing-defects-in-boxes-and-cardboard,dent:30,/Users/inventure71/VSProjects/School/Dream2Detect/data/registries/real_relabel_registry.csv,labeled,,/Users/inventure71/VSProjects/School/Dream2Detect/data/real/source/redf0xwin_recognizing_defects_in_boxes_and_cardboard/images/0221.jpg,rgb_pad_resize_384,/Users/inventure71/VSProjects/School/Dream2Detect/data/datasets/real_labeled_dataset_current.csv
222,real_redf0xwin_0222,images/0222.jpg,not_applicable,available,labeled,,,,56-65,moderate,56-65,moderate,56-65,moderate,60,real_human_final,Real labeled image real_redf0xwin_0222,,56-65-moderate-high.md,,,,,,,,,,,,kaggle:redf0xwin/recognizing-defects-in-boxes-and-cardboard,dent:25,/Users/inventure71/VSProjects/School/Dream2Detect/data/registries/real_relabel_registry.csv,labeled,,/Users/inventure71/VSProjects/School/Dream2Detect/data/real/source/redf0xwin_recognizing_defects_in_boxes_and_cardboard/images/0222.jpg,rgb_pad_resize_384,/Users/inventure71/VSProjects/School/Dream2Detect/data/datasets/real_labeled_dataset_current.csv
223,real_redf0xwin_0223,images/0223.jpg,not_applicable,available,labeled,,,,36-45,moderate,36-45,moderate,36-45,moderate,40,real_human_final,Real labeled image real_redf0xwin_0223,,36-45-moderate-low.md,,,,,,,,,,,,kaggle:redf0xwin/recognizing-defects-in-boxes-and-cardboard,dent:9,/Users/inventure71/VSProjects/School/Dream2Detect/data/registries/real_relabel_registry.csv,labeled,,/Users/inventure71/VSProjects/School/Dream2Detect/data/real/source/redf0xwin_recognizing_defects_in_boxes_and_cardboard/images/0223.jpg,rgb_pad_resize_384,/Users/inventure71/VSProjects/School/Dream2Detect/data/datasets/real_labeled_dataset_current.csv
224,real_redf0xwin_0224,images/0224.jpg,not_applicable,available,labeled,,,,46-55,moderate,46-55,moderate,46-55,moderate,50,real_human_final,Real labeled image real_redf0xwin_0224,,46-55-moderate-mid.md,,,,,,,,,,,,kaggle:redf0xwin/recognizing-defects-in-boxes-and-cardboard,dent:8,/Users/inventure71/VSProjects/School/Dream2Detect/data/registries/real_relabel_registry.csv,labeled,,/Users/inventure71/VSProjects/School/Dream2Detect/data/real/source/redf0xwin_recognizing_defects_in_boxes_and_cardboard/images/0224.jpg,rgb_pad_resize_384,/Users/inventure71/VSProjects/School/Dream2Detect/data/datasets/real_labeled_dataset_current.csv
225,real_redf0xwin_0225,images/0225.jpg,not_applicable,available,labeled,,,,46-55,moderate,46-55,moderate,46-55,moderate,50,real_human_final,Real labeled image real_redf0xwin_0225,,46-55-moderate-mid.md,,,,,,,,,,,,kaggle:redf0xwin/recognizing-defects-in-boxes-and-cardboard,dent:40;dirt:20;hole:1,/Users/inventure71/VSProjects/School/Dream2Detect/data/registries/real_relabel_registry.csv,labeled,,/Users/inventure71/VSProjects/School/Dream2Detect/data/real/source/redf0xwin_recognizing_defects_in_boxes_and_cardboard/images/0225.jpg,rgb_pad_resize_384,/Users/inventure71/VSProjects/School/Dream2Detect/data/datasets/real_labeled_dataset_current.csv
226,real_redf0xwin_0226,images/0226.jpg,not_applicable,available,labeled,,,,36-45,moderate,36-45,moderate,36-45,moderate,40,real_human_final,Real labeled image real_redf0xwin_0226,,36-45-moderate-low.md,,,,,,,,,,,,kaggle:redf0xwin/recognizing-defects-in-boxes-and-cardboard,dent:17,/Users/inventure71/VSProjects/School/Dream2Detect/data/registries/real_relabel_registry.csv,labeled,,/Users/inventure71/VSProjects/School/Dream2Detect/data/real/source/redf0xwin_recognizing_defects_in_boxes_and_cardboard/images/0226.jpg,rgb_pad_resize_384,/Users/inventure71/VSProjects/School/Dream2Detect/data/datasets/real_labeled_dataset_current.csv
227,real_redf0xwin_0227,images/0227.jpg,not_applicable,available,labeled,,,,46-55,moderate,46-55,moderate,46-55,moderate,50,real_human_final,Real labeled image real_redf0xwin_0227,,46-55-moderate-mid.md,,,,,,,,,,,,kaggle:redf0xwin/recognizing-defects-in-boxes-and-cardboard,dent:24;dirt:1,/Users/inventure71/VSProjects/School/Dream2Detect/data/registries/real_relabel_registry.csv,labeled,,/Users/inventure71/VSProjects/School/Dream2Detect/data/real/source/redf0xwin_recognizing_defects_in_boxes_and_cardboard/images/0227.jpg,rgb_pad_resize_384,/Users/inventure71/VSProjects/School/Dream2Detect/data/datasets/real_labeled_dataset_current.csv
228,real_redf0xwin_0228,images/0228.jpg,not_applicable,available,labeled,,,,36-45,moderate,36-45,moderate,36-45,moderate,40,real_human_final,Real labeled image real_redf0xwin_0228,,36-45-moderate-low.md,,,,,,,,,,,,kaggle:redf0xwin/recognizing-defects-in-boxes-and-cardboard,dent:7,/Users/inventure71/VSProjects/School/Dream2Detect/data/registries/real_relabel_registry.csv,labeled,,/Users/inventure71/VSProjects/School/Dream2Detect/data/real/source/redf0xwin_recognizing_defects_in_boxes_and_cardboard/images/0228.jpg,rgb_pad_resize_384,/Users/inventure71/VSProjects/School/Dream2Detect/data/datasets/real_labeled_dataset_current.csv
229,real_redf0xwin_0229,images/0229.jpg,not_applicable,available,labeled,,,,31-35,minor,31-35,minor,31-35,minor,33,real_human_final,Real labeled image real_redf0xwin_0229,,31-35-minor-high.md,,,,,,,,,,,,kaggle:redf0xwin/recognizing-defects-in-boxes-and-cardboard,dent:12,/Users/inventure71/VSProjects/School/Dream2Detect/data/registries/real_relabel_registry.csv,labeled,,/Users/inventure71/VSProjects/School/Dream2Detect/data/real/source/redf0xwin_recognizing_defects_in_boxes_and_cardboard/images/0229.jpg,rgb_pad_resize_384,/Users/inventure71/VSProjects/School/Dream2Detect/data/datasets/real_labeled_dataset_current.csv
230,real_redf0xwin_0230,images/0230.jpg,not_applicable,available,labeled,,,,66-75,severe,66-75,severe,66-75,severe,70,real_human_final,Real labeled image real_redf0xwin_0230,,66-75-severe-low.md,,,,,,,,,,,,kaggle:redf0xwin/recognizing-defects-in-boxes-and-cardboard,dent:51;hole:5,/Users/inventure71/VSProjects/School/Dream2Detect/data/registries/real_relabel_registry.csv,labeled,,/Users/inventure71/VSProjects/School/Dream2Detect/data/real/source/redf0xwin_recognizing_defects_in_boxes_and_cardboard/images/0230.jpg,rgb_pad_resize_384,/Users/inventure71/VSProjects/School/Dream2Detect/data/datasets/real_labeled_dataset_current.csv
232,real_redf0xwin_0232,images/0232.jpg,not_applicable,available,labeled,,,,56-65,moderate,56-65,moderate,56-65,moderate,60,real_human_final,Real labeled image real_redf0xwin_0232,,56-65-moderate-high.md,,,,,,,,,,,,kaggle:redf0xwin/recognizing-defects-in-boxes-and-cardboard,dent:17,/Users/inventure71/VSProjects/School/Dream2Detect/data/registries/real_relabel_registry.csv,labeled,,/Users/inventure71/VSProjects/School/Dream2Detect/data/real/source/redf0xwin_recognizing_defects_in_boxes_and_cardboard/images/0232.jpg,rgb_pad_resize_384,/Users/inventure71/VSProjects/School/Dream2Detect/data/datasets/real_labeled_dataset_current.csv
233,real_redf0xwin_0233,images/0233.jpg,not_applicable,available,labeled,,,,66-75,severe,66-75,severe,66-75,severe,70,real_human_final,Real labeled image real_redf0xwin_0233,,66-75-severe-low.md,,,,,,,,,,,,kaggle:redf0xwin/recognizing-defects-in-boxes-and-cardboard,dent:15;dirt:1;hole:3,/Users/inventure71/VSProjects/School/Dream2Detect/data/registries/real_relabel_registry.csv,labeled,,/Users/inventure71/VSProjects/School/Dream2Detect/data/real/source/redf0xwin_recognizing_defects_in_boxes_and_cardboard/images/0233.jpg,rgb_pad_resize_384,/Users/inventure71/VSProjects/School/Dream2Detect/data/datasets/real_labeled_dataset_current.csv
234,real_redf0xwin_0234,images/0234.jpg,not_applicable,available,labeled,,,,56-65,moderate,56-65,moderate,56-65,moderate,60,real_human_final,Real labeled image real_redf0xwin_0234,,56-65-moderate-high.md,,,,,,,,,,,,kaggle:redf0xwin/recognizing-defects-in-boxes-and-cardboard,dent:21;hole:1,/Users/inventure71/VSProjects/School/Dream2Detect/data/registries/real_relabel_registry.csv,labeled,,/Users/inventure71/VSProjects/School/Dream2Detect/data/real/source/redf0xwin_recognizing_defects_in_boxes_and_cardboard/images/0234.jpg,rgb_pad_resize_384,/Users/inventure71/VSProjects/School/Dream2Detect/data/datasets/real_labeled_dataset_current.csv
235,real_redf0xwin_0235,images/0235.jpg,not_applicable,available,labeled,,,,76-85,severe,76-85,severe,76-85,severe,80,real_human_final,Real labeled image real_redf0xwin_0235,,76-85-severe-mid.md,,,,,,,,,,,,kaggle:redf0xwin/recognizing-defects-in-boxes-and-cardboard,dent:43;hole:7,/Users/inventure71/VSProjects/School/Dream2Detect/data/registries/real_relabel_registry.csv,labeled,,/Users/inventure71/VSProjects/School/Dream2Detect/data/real/source/redf0xwin_recognizing_defects_in_boxes_and_cardboard/images/0235.jpg,rgb_pad_resize_384,/Users/inventure71/VSProjects/School/Dream2Detect/data/datasets/real_labeled_dataset_current.csv
236,real_redf0xwin_0236,images/0236.jpg,not_applicable,available,labeled,,,,36-45,moderate,36-45,moderate,36-45,moderate,40,real_human_final,Real labeled image real_redf0xwin_0236,,36-45-moderate-low.md,,,,,,,,,,,,kaggle:redf0xwin/recognizing-defects-in-boxes-and-cardboard,dent:17;hole:1,/Users/inventure71/VSProjects/School/Dream2Detect/data/registries/real_relabel_registry.csv,labeled,,/Users/inventure71/VSProjects/School/Dream2Detect/data/real/source/redf0xwin_recognizing_defects_in_boxes_and_cardboard/images/0236.jpg,rgb_pad_resize_384,/Users/inventure71/VSProjects/School/Dream2Detect/data/datasets/real_labeled_dataset_current.csv
237,real_redf0xwin_0237,images/0237.jpg,not_applicable,available,labeled,,,,46-55,moderate,46-55,moderate,46-55,moderate,50,real_human_final,Real labeled image real_redf0xwin_0237,,46-55-moderate-mid.md,,,,,,,,,,,,kaggle:redf0xwin/recognizing-defects-in-boxes-and-cardboard,dent:21,/Users/inventure71/VSProjects/School/Dream2Detect/data/registries/real_relabel_registry.csv,labeled,,/Users/inventure71/VSProjects/School/Dream2Detect/data/real/source/redf0xwin_recognizing_defects_in_boxes_and_cardboard/images/0237.jpg,rgb_pad_resize_384,/Users/inventure71/VSProjects/School/Dream2Detect/data/datasets/real_labeled_dataset_current.csv
238,real_redf0xwin_0238,images/0238.jpg,not_applicable,available,labeled,,,,56-65,moderate,56-65,moderate,56-65,moderate,60,real_human_final,Real labeled image real_redf0xwin_0238,,56-65-moderate-high.md,,,,,,,,,,,,kaggle:redf0xwin/recognizing-defects-in-boxes-and-cardboard,dent:24;hole:1,/Users/inventure71/VSProjects/School/Dream2Detect/data/registries/real_relabel_registry.csv,labeled,,/Users/inventure71/VSProjects/School/Dream2Detect/data/real/source/redf0xwin_recognizing_defects_in_boxes_and_cardboard/images/0238.jpg,rgb_pad_resize_384,/Users/inventure71/VSProjects/School/Dream2Detect/data/datasets/real_labeled_dataset_current.csv
239,real_redf0xwin_0239,images/0239.jpg,not_applicable,available,labeled,,,,76-85,severe,76-85,severe,76-85,severe,80,real_human_final,Real labeled image real_redf0xwin_0239,,76-85-severe-mid.md,,,,,,,,,,,,kaggle:redf0xwin/recognizing-defects-in-boxes-and-cardboard,dent:43;dirt:5;hole:10,/Users/inventure71/VSProjects/School/Dream2Detect/data/registries/real_relabel_registry.csv,labeled,,/Users/inventure71/VSProjects/School/Dream2Detect/data/real/source/redf0xwin_recognizing_defects_in_boxes_and_cardboard/images/0239.jpg,rgb_pad_resize_384,/Users/inventure71/VSProjects/School/Dream2Detect/data/datasets/real_labeled_dataset_current.csv
240,real_redf0xwin_0240,images/0240.jpg,not_applicable,available,labeled,,,,46-55,moderate,46-55,moderate,46-55,moderate,50,real_human_final,Real labeled image real_redf0xwin_0240,,46-55-moderate-mid.md,,,,,,,,,,,,kaggle:redf0xwin/recognizing-defects-in-boxes-and-cardboard,dent:29;dirt:2;hole:2,/Users/inventure71/VSProjects/School/Dream2Detect/data/registries/real_relabel_registry.csv,labeled,,/Users/inventure71/VSProjects/School/Dream2Detect/data/real/source/redf0xwin_recognizing_defects_in_boxes_and_cardboard/images/0240.jpg,rgb_pad_resize_384,/Users/inventure71/VSProjects/School/Dream2Detect/data/datasets/real_labeled_dataset_current.csv
241,real_redf0xwin_0241,images/0241.jpg,not_applicable,available,labeled,,,,46-55,moderate,46-55,moderate,46-55,moderate,50,real_human_final,Real labeled image real_redf0xwin_0241,,46-55-moderate-mid.md,,,,,,,,,,,,kaggle:redf0xwin/recognizing-defects-in-boxes-and-cardboard,dent:39;hole:4,/Users/inventure71/VSProjects/School/Dream2Detect/data/registries/real_relabel_registry.csv,labeled,,/Users/inventure71/VSProjects/School/Dream2Detect/data/real/source/redf0xwin_recognizing_defects_in_boxes_and_cardboard/images/0241.jpg,rgb_pad_resize_384,/Users/inventure71/VSProjects/School/Dream2Detect/data/datasets/real_labeled_dataset_current.csv
242,real_redf0xwin_0242,images/0242.jpg,not_applicable,available,labeled,,,,56-65,moderate,56-65,moderate,56-65,moderate,60,real_human_final,Real labeled image real_redf0xwin_0242,,56-65-moderate-high.md,,,,,,,,,,,,kaggle:redf0xwin/recognizing-defects-in-boxes-and-cardboard,dent:58;hole:5,/Users/inventure71/VSProjects/School/Dream2Detect/data/registries/real_relabel_registry.csv,labeled,,/Users/inventure71/VSProjects/School/Dream2Detect/data/real/source/redf0xwin_recognizing_defects_in_boxes_and_cardboard/images/0242.jpg,rgb_pad_resize_384,/Users/inventure71/VSProjects/School/Dream2Detect/data/datasets/real_labeled_dataset_current.csv
243,real_redf0xwin_0243,images/0243.jpg,not_applicable,available,labeled,,,,66-75,severe,66-75,severe,66-75,severe,70,real_human_final,Real labeled image real_redf0xwin_0243,,66-75-severe-low.md,,,,,,,,,,,,kaggle:redf0xwin/recognizing-defects-in-boxes-and-cardboard,dent:23;hole:4,/Users/inventure71/VSProjects/School/Dream2Detect/data/registries/real_relabel_registry.csv,labeled,,/Users/inventure71/VSProjects/School/Dream2Detect/data/real/source/redf0xwin_recognizing_defects_in_boxes_and_cardboard/images/0243.jpg,rgb_pad_resize_384,/Users/inventure71/VSProjects/School/Dream2Detect/data/datasets/real_labeled_dataset_current.csv
244,real_redf0xwin_0244,images/0244.jpg,not_applicable,available,labeled,,,,66-75,severe,66-75,severe,66-75,severe,70,real_human_final,Real labeled image real_redf0xwin_0244,,66-75-severe-low.md,,,,,,,,,,,,kaggle:redf0xwin/recognizing-defects-in-boxes-and-cardboard,dent:13;dirt:1;hole:3,/Users/inventure71/VSProjects/School/Dream2Detect/data/registries/real_relabel_registry.csv,labeled,,/Users/inventure71/VSProjects/School/Dream2Detect/data/real/source/redf0xwin_recognizing_defects_in_boxes_and_cardboard/images/0244.jpg,rgb_pad_resize_384,/Users/inventure71/VSProjects/School/Dream2Detect/data/datasets/real_labeled_dataset_current.csv
245,real_redf0xwin_0245,images/0245.jpg,not_applicable,available,labeled,,,,56-65,moderate,56-65,moderate,56-65,moderate,60,real_human_final,Real labeled image real_redf0xwin_0245,,56-65-moderate-high.md,,,,,,,,,,,,kaggle:redf0xwin/recognizing-defects-in-boxes-and-cardboard,dent:28;dirt:5;hole:5,/Users/inventure71/VSProjects/School/Dream2Detect/data/registries/real_relabel_registry.csv,labeled,,/Users/inventure71/VSProjects/School/Dream2Detect/data/real/source/redf0xwin_recognizing_defects_in_boxes_and_cardboard/images/0245.jpg,rgb_pad_resize_384,/Users/inventure71/VSProjects/School/Dream2Detect/data/datasets/real_labeled_dataset_current.csv
246,real_redf0xwin_0246,images/0246.jpg,not_applicable,available,labeled,,,,31-35,minor,31-35,minor,31-35,minor,33,real_human_final,Real labeled image real_redf0xwin_0246,,31-35-minor-high.md,,,,,,,,,,,,kaggle:redf0xwin/recognizing-defects-in-boxes-and-cardboard,dent:37;hole:1,/Users/inventure71/VSProjects/School/Dream2Detect/data/registries/real_relabel_registry.csv,labeled,,/Users/inventure71/VSProjects/School/Dream2Detect/data/real/source/redf0xwin_recognizing_defects_in_boxes_and_cardboard/images/0246.jpg,rgb_pad_resize_384,/Users/inventure71/VSProjects/School/Dream2Detect/data/datasets/real_labeled_dataset_current.csv
247,real_redf0xwin_0247,images/0247.jpg,not_applicable,available,labeled,,,,36-45,moderate,36-45,moderate,36-45,moderate,40,real_human_final,Real labeled image real_redf0xwin_0247,,36-45-moderate-low.md,,,,,,,,,,,,kaggle:redf0xwin/recognizing-defects-in-boxes-and-cardboard,dent:32;hole:3,/Users/inventure71/VSProjects/School/Dream2Detect/data/registries/real_relabel_registry.csv,labeled,,/Users/inventure71/VSProjects/School/Dream2Detect/data/real/source/redf0xwin_recognizing_defects_in_boxes_and_cardboard/images/0247.jpg,rgb_pad_resize_384,/Users/inventure71/VSProjects/School/Dream2Detect/data/datasets/real_labeled_dataset_current.csv
248,real_redf0xwin_0248,images/0248.jpg,not_applicable,available,labeled,,,,36-45,moderate,36-45,moderate,36-45,moderate,40,real_human_final,Real labeled image real_redf0xwin_0248,,36-45-moderate-low.md,,,,,,,,,,,,kaggle:redf0xwin/recognizing-defects-in-boxes-and-cardboard,dent:13;dirt:4,/Users/inventure71/VSProjects/School/Dream2Detect/data/registries/real_relabel_registry.csv,labeled,,/Users/inventure71/VSProjects/School/Dream2Detect/data/real/source/redf0xwin_recognizing_defects_in_boxes_and_cardboard/images/0248.jpg,rgb_pad_resize_384,/Users/inventure71/VSProjects/School/Dream2Detect/data/datasets/real_labeled_dataset_current.csv
249,real_redf0xwin_0249,images/0249.jpg,not_applicable,available,labeled,,,,36-45,moderate,36-45,moderate,36-45,moderate,40,real_human_final,Real labeled image real_redf0xwin_0249,,36-45-moderate-low.md,,,,,,,,,,,,kaggle:redf0xwin/recognizing-defects-in-boxes-and-cardboard,dent:24;dirt:13,/Users/inventure71/VSProjects/School/Dream2Detect/data/registries/real_relabel_registry.csv,labeled,,/Users/inventure71/VSProjects/School/Dream2Detect/data/real/source/redf0xwin_recognizing_defects_in_boxes_and_cardboard/images/0249.jpg,rgb_pad_resize_384,/Users/inventure71/VSProjects/School/Dream2Detect/data/datasets/real_labeled_dataset_current.csv
250,real_redf0xwin_0250,images/0250.jpg,not_applicable,available,labeled,,,,46-55,moderate,46-55,moderate,46-55,moderate,50,real_human_final,Real labeled image real_redf0xwin_0250,,46-55-moderate-mid.md,,,,,,,,,,,,kaggle:redf0xwin/recognizing-defects-in-boxes-and-cardboard,dent:27,/Users/inventure71/VSProjects/School/Dream2Detect/data/registries/real_relabel_registry.csv,labeled,,/Users/inventure71/VSProjects/School/Dream2Detect/data/real/source/redf0xwin_recognizing_defects_in_boxes_and_cardboard/images/0250.jpg,rgb_pad_resize_384,/Users/inventure71/VSProjects/School/Dream2Detect/data/datasets/real_labeled_dataset_current.csv
251,real_redf0xwin_0251,images/0251.jpg,not_applicable,available,labeled,,,,56-65,moderate,56-65,moderate,56-65,moderate,60,real_human_final,Real labeled image real_redf0xwin_0251,,56-65-moderate-high.md,,,,,,,,,,,,kaggle:redf0xwin/recognizing-defects-in-boxes-and-cardboard,dent:30;hole:5,/Users/inventure71/VSProjects/School/Dream2Detect/data/registries/real_relabel_registry.csv,labeled,,/Users/inventure71/VSProjects/School/Dream2Detect/data/real/source/redf0xwin_recognizing_defects_in_boxes_and_cardboard/images/0251.jpg,rgb_pad_resize_384,/Users/inventure71/VSProjects/School/Dream2Detect/data/datasets/real_labeled_dataset_current.csv
252,real_redf0xwin_0252,images/0252.jpg,not_applicable,available,labeled,,,,46-55,moderate,46-55,moderate,46-55,moderate,50,real_human_final,Real labeled image real_redf0xwin_0252,,46-55-moderate-mid.md,,,,,,,,,,,,kaggle:redf0xwin/recognizing-defects-in-boxes-and-cardboard,dent:22;hole:1,/Users/inventure71/VSProjects/School/Dream2Detect/data/registries/real_relabel_registry.csv,labeled,,/Users/inventure71/VSProjects/School/Dream2Detect/data/real/source/redf0xwin_recognizing_defects_in_boxes_and_cardboard/images/0252.jpg,rgb_pad_resize_384,/Users/inventure71/VSProjects/School/Dream2Detect/data/datasets/real_labeled_dataset_current.csv
253,real_redf0xwin_0253,images/0253.jpg,not_applicable,available,labeled,,,,66-75,severe,66-75,severe,66-75,severe,70,real_human_final,Real labeled image real_redf0xwin_0253,,66-75-severe-low.md,,,,,,,,,,,,kaggle:redf0xwin/recognizing-defects-in-boxes-and-cardboard,dent:29;hole:4,/Users/inventure71/VSProjects/School/Dream2Detect/data/registries/real_relabel_registry.csv,labeled,,/Users/inventure71/VSProjects/School/Dream2Detect/data/real/source/redf0xwin_recognizing_defects_in_boxes_and_cardboard/images/0253.jpg,rgb_pad_resize_384,/Users/inventure71/VSProjects/School/Dream2Detect/data/datasets/real_labeled_dataset_current.csv
254,real_redf0xwin_0254,images/0254.jpg,not_applicable,available,labeled,,,,46-55,moderate,46-55,moderate,46-55,moderate,50,real_human_final,Real labeled image real_redf0xwin_0254,,46-55-moderate-mid.md,,,,,,,,,,,,kaggle:redf0xwin/recognizing-defects-in-boxes-and-cardboard,dent:39;hole:4,/Users/inventure71/VSProjects/School/Dream2Detect/data/registries/real_relabel_registry.csv,labeled,,/Users/inventure71/VSProjects/School/Dream2Detect/data/real/source/redf0xwin_recognizing_defects_in_boxes_and_cardboard/images/0254.jpg,rgb_pad_resize_384,/Users/inventure71/VSProjects/School/Dream2Detect/data/datasets/real_labeled_dataset_current.csv
255,real_redf0xwin_0255,images/0255.jpg,not_applicable,available,labeled,,,,46-55,moderate,46-55,moderate,46-55,moderate,50,real_human_final,Real labeled image real_redf0xwin_0255,,46-55-moderate-mid.md,,,,,,,,,,,,kaggle:redf0xwin/recognizing-defects-in-boxes-and-cardboard,dent:33,/Users/inventure71/VSProjects/School/Dream2Detect/data/registries/real_relabel_registry.csv,labeled,,/Users/inventure71/VSProjects/School/Dream2Detect/data/real/source/redf0xwin_recognizing_defects_in_boxes_and_cardboard/images/0255.jpg,rgb_pad_resize_384,/Users/inventure71/VSProjects/School/Dream2Detect/data/datasets/real_labeled_dataset_current.csv
256,real_redf0xwin_0256,images/0256.jpg,not_applicable,available,labeled,,,,36-45,moderate,36-45,moderate,36-45,moderate,40,real_human_final,Real labeled image real_redf0xwin_0256,,36-45-moderate-low.md,,,,,,,,,,,,kaggle:redf0xwin/recognizing-defects-in-boxes-and-cardboard,dent:37;dirt:1,/Users/inventure71/VSProjects/School/Dream2Detect/data/registries/real_relabel_registry.csv,labeled,,/Users/inventure71/VSProjects/School/Dream2Detect/data/real/source/redf0xwin_recognizing_defects_in_boxes_and_cardboard/images/0256.jpg,rgb_pad_resize_384,/Users/inventure71/VSProjects/School/Dream2Detect/data/datasets/real_labeled_dataset_current.csv
257,real_redf0xwin_0257,images/0257.jpg,not_applicable,available,labeled,,,,36-45,moderate,36-45,moderate,36-45,moderate,40,real_human_final,Real labeled image real_redf0xwin_0257,,36-45-moderate-low.md,,,,,,,,,,,,kaggle:redf0xwin/recognizing-defects-in-boxes-and-cardboard,dent:17;hole:3,/Users/inventure71/VSProjects/School/Dream2Detect/data/registries/real_relabel_registry.csv,labeled,,/Users/inventure71/VSProjects/School/Dream2Detect/data/real/source/redf0xwin_recognizing_defects_in_boxes_and_cardboard/images/0257.jpg,rgb_pad_resize_384,/Users/inventure71/VSProjects/School/Dream2Detect/data/datasets/real_labeled_dataset_current.csv
258,real_redf0xwin_0258,images/0258.jpg,not_applicable,available,labeled,,,,36-45,moderate,36-45,moderate,36-45,moderate,40,real_human_final,Real labeled image real_redf0xwin_0258,,36-45-moderate-low.md,,,,,,,,,,,,kaggle:redf0xwin/recognizing-defects-in-boxes-and-cardboard,dent:16;hole:1,/Users/inventure71/VSProjects/School/Dream2Detect/data/registries/real_relabel_registry.csv,labeled,,/Users/inventure71/VSProjects/School/Dream2Detect/data/real/source/redf0xwin_recognizing_defects_in_boxes_and_cardboard/images/0258.jpg,rgb_pad_resize_384,/Users/inventure71/VSProjects/School/Dream2Detect/data/datasets/real_labeled_dataset_current.csv
259,real_redf0xwin_0259,images/0259.jpg,not_applicable,available,labeled,,,,46-55,moderate,46-55,moderate,46-55,moderate,50,real_human_final,Real labeled image real_redf0xwin_0259,,46-55-moderate-mid.md,,,,,,,,,,,,kaggle:redf0xwin/recognizing-defects-in-boxes-and-cardboard,dent:24;hole:3,/Users/inventure71/VSProjects/School/Dream2Detect/data/registries/real_relabel_registry.csv,labeled,,/Users/inventure71/VSProjects/School/Dream2Detect/data/real/source/redf0xwin_recognizing_defects_in_boxes_and_cardboard/images/0259.jpg,rgb_pad_resize_384,/Users/inventure71/VSProjects/School/Dream2Detect/data/datasets/real_labeled_dataset_current.csv
260,real_redf0xwin_0260,images/0260.jpg,not_applicable,available,labeled,,,,46-55,moderate,46-55,moderate,46-55,moderate,50,real_human_final,Real labeled image real_redf0xwin_0260,,46-55-moderate-mid.md,,,,,,,,,,,,kaggle:redf0xwin/recognizing-defects-in-boxes-and-cardboard,dent:53;dirt:6,/Users/inventure71/VSProjects/School/Dream2Detect/data/registries/real_relabel_registry.csv,labeled,,/Users/inventure71/VSProjects/School/Dream2Detect/data/real/source/redf0xwin_recognizing_defects_in_boxes_and_cardboard/images/0260.jpg,rgb_pad_resize_384,/Users/inventure71/VSProjects/School/Dream2Detect/data/datasets/real_labeled_dataset_current.csv
261,real_redf0xwin_0261,images/0261.jpg,not_applicable,available,labeled,,,,46-55,moderate,46-55,moderate,46-55,moderate,50,real_human_final,Real labeled image real_redf0xwin_0261,,46-55-moderate-mid.md,,,,,,,,,,,,kaggle:redf0xwin/recognizing-defects-in-boxes-and-cardboard,dent:37;hole:4,/Users/inventure71/VSProjects/School/Dream2Detect/data/registries/real_relabel_registry.csv,labeled,,/Users/inventure71/VSProjects/School/Dream2Detect/data/real/source/redf0xwin_recognizing_defects_in_boxes_and_cardboard/images/0261.jpg,rgb_pad_resize_384,/Users/inventure71/VSProjects/School/Dream2Detect/data/datasets/real_labeled_dataset_current.csv
262,real_redf0xwin_0262,images/0262.jpg,not_applicable,available,labeled,,,,56-65,moderate,56-65,moderate,56-65,moderate,60,real_human_final,Real labeled image real_redf0xwin_0262,,56-65-moderate-high.md,,,,,,,,,,,,kaggle:redf0xwin/recognizing-defects-in-boxes-and-cardboard,dent:113;hole:1,/Users/inventure71/VSProjects/School/Dream2Detect/data/registries/real_relabel_registry.csv,labeled,,/Users/inventure71/VSProjects/School/Dream2Detect/data/real/source/redf0xwin_recognizing_defects_in_boxes_and_cardboard/images/0262.jpg,rgb_pad_resize_384,/Users/inventure71/VSProjects/School/Dream2Detect/data/datasets/real_labeled_dataset_current.csv
263,real_redf0xwin_0263,images/0263.jpg,not_applicable,available,labeled,,,,56-65,moderate,56-65,moderate,56-65,moderate,60,real_human_final,Real labeled image real_redf0xwin_0263,,56-65-moderate-high.md,,,,,,,,,,,,kaggle:redf0xwin/recognizing-defects-in-boxes-and-cardboard,dent:113;hole:1,/Users/inventure71/VSProjects/School/Dream2Detect/data/registries/real_relabel_registry.csv,labeled,,/Users/inventure71/VSProjects/School/Dream2Detect/data/real/source/redf0xwin_recognizing_defects_in_boxes_and_cardboard/images/0263.jpg,rgb_pad_resize_384,/Users/inventure71/VSProjects/School/Dream2Detect/data/datasets/real_labeled_dataset_current.csv
264,real_redf0xwin_0264,images/0264.jpg,not_applicable,available,labeled,,,,36-45,moderate,36-45,moderate,36-45,moderate,40,real_human_final,Real labeled image real_redf0xwin_0264,,36-45-moderate-low.md,,,,,,,,,,,,kaggle:redf0xwin/recognizing-defects-in-boxes-and-cardboard,dent:58;dirt:32,/Users/inventure71/VSProjects/School/Dream2Detect/data/registries/real_relabel_registry.csv,labeled,,/Users/inventure71/VSProjects/School/Dream2Detect/data/real/source/redf0xwin_recognizing_defects_in_boxes_and_cardboard/images/0264.jpg,rgb_pad_resize_384,/Users/inventure71/VSProjects/School/Dream2Detect/data/datasets/real_labeled_dataset_current.csv
265,real_redf0xwin_0265,images/0265.jpg,not_applicable,available,labeled,,,,36-45,moderate,36-45,moderate,36-45,moderate,40,real_human_final,Real labeled image real_redf0xwin_0265,,36-45-moderate-low.md,,,,,,,,,,,,kaggle:redf0xwin/recognizing-defects-in-boxes-and-cardboard,dent:45,/Users/inventure71/VSProjects/School/Dream2Detect/data/registries/real_relabel_registry.csv,labeled,,/Users/inventure71/VSProjects/School/Dream2Detect/data/real/source/redf0xwin_recognizing_defects_in_boxes_and_cardboard/images/0265.jpg,rgb_pad_resize_384,/Users/inventure71/VSProjects/School/Dream2Detect/data/datasets/real_labeled_dataset_current.csv
266,real_redf0xwin_0266,images/0266.jpg,not_applicable,available,labeled,,,,31-35,minor,31-35,minor,31-35,minor,33,real_human_final,Real labeled image real_redf0xwin_0266,,31-35-minor-high.md,,,,,,,,,,,,kaggle:redf0xwin/recognizing-defects-in-boxes-and-cardboard,dent:25;hole:2,/Users/inventure71/VSProjects/School/Dream2Detect/data/registries/real_relabel_registry.csv,labeled,,/Users/inventure71/VSProjects/School/Dream2Detect/data/real/source/redf0xwin_recognizing_defects_in_boxes_and_cardboard/images/0266.jpg,rgb_pad_resize_384,/Users/inventure71/VSProjects/School/Dream2Detect/data/datasets/real_labeled_dataset_current.csv
267,real_redf0xwin_0267,images/0267.jpg,not_applicable,available,labeled,,,,36-45,moderate,36-45,moderate,36-45,moderate,40,real_human_final,Real labeled image real_redf0xwin_0267,,36-45-moderate-low.md,,,,,,,,,,,,kaggle:redf0xwin/recognizing-defects-in-boxes-and-cardboard,dent:48;dirt:2;hole:1,/Users/inventure71/VSProjects/School/Dream2Detect/data/registries/real_relabel_registry.csv,labeled,,/Users/inventure71/VSProjects/School/Dream2Detect/data/real/source/redf0xwin_recognizing_defects_in_boxes_and_cardboard/images/0267.jpg,rgb_pad_resize_384,/Users/inventure71/VSProjects/School/Dream2Detect/data/datasets/real_labeled_dataset_current.csv
268,real_redf0xwin_0268,images/0268.jpg,not_applicable,available,labeled,,,,46-55,moderate,46-55,moderate,46-55,moderate,50,real_human_final,Real labeled image real_redf0xwin_0268,,46-55-moderate-mid.md,,,,,,,,,,,,kaggle:redf0xwin/recognizing-defects-in-boxes-and-cardboard,dent:87;dirt:2;hole:8,/Users/inventure71/VSProjects/School/Dream2Detect/data/registries/real_relabel_registry.csv,labeled,,/Users/inventure71/VSProjects/School/Dream2Detect/data/real/source/redf0xwin_recognizing_defects_in_boxes_and_cardboard/images/0268.jpg,rgb_pad_resize_384,/Users/inventure71/VSProjects/School/Dream2Detect/data/datasets/real_labeled_dataset_current.csv
269,real_redf0xwin_0269,images/0269.jpg,not_applicable,available,labeled,,,,36-45,moderate,36-45,moderate,36-45,moderate,40,real_human_final,Real labeled image real_redf0xwin_0269,,36-45-moderate-low.md,,,,,,,,,,,,kaggle:redf0xwin/recognizing-defects-in-boxes-and-cardboard,dent:13;hole:4,/Users/inventure71/VSProjects/School/Dream2Detect/data/registries/real_relabel_registry.csv,labeled,,/Users/inventure71/VSProjects/School/Dream2Detect/data/real/source/redf0xwin_recognizing_defects_in_boxes_and_cardboard/images/0269.jpg,rgb_pad_resize_384,/Users/inventure71/VSProjects/School/Dream2Detect/data/datasets/real_labeled_dataset_current.csv
270,real_redf0xwin_0270,images/0270.jpg,not_applicable,available,labeled,,,,31-35,minor,31-35,minor,31-35,minor,33,real_human_final,Real labeled image real_redf0xwin_0270,,31-35-minor-high.md,,,,,,,,,,,,kaggle:redf0xwin/recognizing-defects-in-boxes-and-cardboard,dent:59;hole:2,/Users/inventure71/VSProjects/School/Dream2Detect/data/registries/real_relabel_registry.csv,labeled,,/Users/inventure71/VSProjects/School/Dream2Detect/data/real/source/redf0xwin_recognizing_defects_in_boxes_and_cardboard/images/0270.jpg,rgb_pad_resize_384,/Users/inventure71/VSProjects/School/Dream2Detect/data/datasets/real_labeled_dataset_current.csv
271,real_redf0xwin_0271,images/0271.jpg,not_applicable,available,labeled,,,,31-35,minor,31-35,minor,31-35,minor,33,real_human_final,Real labeled image real_redf0xwin_0271,,31-35-minor-high.md,,,,,,,,,,,,kaggle:redf0xwin/recognizing-defects-in-boxes-and-cardboard,dent:21,/Users/inventure71/VSProjects/School/Dream2Detect/data/registries/real_relabel_registry.csv,labeled,,/Users/inventure71/VSProjects/School/Dream2Detect/data/real/source/redf0xwin_recognizing_defects_in_boxes_and_cardboard/images/0271.jpg,rgb_pad_resize_384,/Users/inventure71/VSProjects/School/Dream2Detect/data/datasets/real_labeled_dataset_current.csv
272,real_redf0xwin_0272,images/0272.jpg,not_applicable,available,labeled,,,,36-45,moderate,36-45,moderate,36-45,moderate,40,real_human_final,Real labeled image real_redf0xwin_0272,,36-45-moderate-low.md,,,,,,,,,,,,kaggle:redf0xwin/recognizing-defects-in-boxes-and-cardboard,dent:15;hole:4,/Users/inventure71/VSProjects/School/Dream2Detect/data/registries/real_relabel_registry.csv,labeled,,/Users/inventure71/VSProjects/School/Dream2Detect/data/real/source/redf0xwin_recognizing_defects_in_boxes_and_cardboard/images/0272.jpg,rgb_pad_resize_384,/Users/inventure71/VSProjects/School/Dream2Detect/data/datasets/real_labeled_dataset_current.csv
273,real_redf0xwin_0273,images/0273.jpg,not_applicable,available,labeled,,,,36-45,moderate,36-45,moderate,36-45,moderate,40,real_human_final,Real labeled image real_redf0xwin_0273,,36-45-moderate-low.md,,,,,,,,,,,,kaggle:redf0xwin/recognizing-defects-in-boxes-and-cardboard,dent:27;dirt:1;hole:2,/Users/inventure71/VSProjects/School/Dream2Detect/data/registries/real_relabel_registry.csv,labeled,,/Users/inventure71/VSProjects/School/Dream2Detect/data/real/source/redf0xwin_recognizing_defects_in_boxes_and_cardboard/images/0273.jpg,rgb_pad_resize_384,/Users/inventure71/VSProjects/School/Dream2Detect/data/datasets/real_labeled_dataset_current.csv
274,real_redf0xwin_0274,images/0274.jpg,not_applicable,available,labeled,,,,36-45,moderate,36-45,moderate,36-45,moderate,40,real_human_final,Real labeled image real_redf0xwin_0274,,36-45-moderate-low.md,,,,,,,,,,,,kaggle:redf0xwin/recognizing-defects-in-boxes-and-cardboard,dent:37;hole:1,/Users/inventure71/VSProjects/School/Dream2Detect/data/registries/real_relabel_registry.csv,labeled,,/Users/inventure71/VSProjects/School/Dream2Detect/data/real/source/redf0xwin_recognizing_defects_in_boxes_and_cardboard/images/0274.jpg,rgb_pad_resize_384,/Users/inventure71/VSProjects/School/Dream2Detect/data/datasets/real_labeled_dataset_current.csv
275,real_redf0xwin_0275,images/0275.jpg,not_applicable,available,labeled,,,,46-55,moderate,46-55,moderate,46-55,moderate,50,real_human_final,Real labeled image real_redf0xwin_0275,,46-55-moderate-mid.md,,,,,,,,,,,,kaggle:redf0xwin/recognizing-defects-in-boxes-and-cardboard,dent:105;dirt:12;hole:7,/Users/inventure71/VSProjects/School/Dream2Detect/data/registries/real_relabel_registry.csv,labeled,,/Users/inventure71/VSProjects/School/Dream2Detect/data/real/source/redf0xwin_recognizing_defects_in_boxes_and_cardboard/images/0275.jpg,rgb_pad_resize_384,/Users/inventure71/VSProjects/School/Dream2Detect/data/datasets/real_labeled_dataset_current.csv
276,real_redf0xwin_0276,images/0276.jpg,not_applicable,available,labeled,,,,36-45,moderate,36-45,moderate,36-45,moderate,40,real_human_final,Real labeled image real_redf0xwin_0276,,36-45-moderate-low.md,,,,,,,,,,,,kaggle:redf0xwin/recognizing-defects-in-boxes-and-cardboard,dent:33;dirt:6;hole:8,/Users/inventure71/VSProjects/School/Dream2Detect/data/registries/real_relabel_registry.csv,labeled,,/Users/inventure71/VSProjects/School/Dream2Detect/data/real/source/redf0xwin_recognizing_defects_in_boxes_and_cardboard/images/0276.jpg,rgb_pad_resize_384,/Users/inventure71/VSProjects/School/Dream2Detect/data/datasets/real_labeled_dataset_current.csv
277,real_redf0xwin_0277,images/0277.jpg,not_applicable,available,labeled,,,,36-45,moderate,36-45,moderate,36-45,moderate,40,real_human_final,Real labeled image real_redf0xwin_0277,,36-45-moderate-low.md,,,,,,,,,,,,kaggle:redf0xwin/recognizing-defects-in-boxes-and-cardboard,dent:57;hole:7,/Users/inventure71/VSProjects/School/Dream2Detect/data/registries/real_relabel_registry.csv,labeled,,/Users/inventure71/VSProjects/School/Dream2Detect/data/real/source/redf0xwin_recognizing_defects_in_boxes_and_cardboard/images/0277.jpg,rgb_pad_resize_384,/Users/inventure71/VSProjects/School/Dream2Detect/data/datasets/real_labeled_dataset_current.csv
278,real_redf0xwin_0278,images/0278.jpg,not_applicable,available,labeled,,,,31-35,minor,31-35,minor,31-35,minor,33,real_human_final,Real labeled image real_redf0xwin_0278,,31-35-minor-high.md,,,,,,,,,,,,kaggle:redf0xwin/recognizing-defects-in-boxes-and-cardboard,dent:9;dirt:1;hole:4,/Users/inventure71/VSProjects/School/Dream2Detect/data/registries/real_relabel_registry.csv,labeled,,/Users/inventure71/VSProjects/School/Dream2Detect/data/real/source/redf0xwin_recognizing_defects_in_boxes_and_cardboard/images/0278.jpg,rgb_pad_resize_384,/Users/inventure71/VSProjects/School/Dream2Detect/data/datasets/real_labeled_dataset_current.csv
279,real_redf0xwin_0279,images/0279.jpg,not_applicable,available,labeled,,,,46-55,moderate,46-55,moderate,46-55,moderate,50,real_human_final,Real labeled image real_redf0xwin_0279,,46-55-moderate-mid.md,,,,,,,,,,,,kaggle:redf0xwin/recognizing-defects-in-boxes-and-cardboard,dent:89;dirt:13;hole:2,/Users/inventure71/VSProjects/School/Dream2Detect/data/registries/real_relabel_registry.csv,labeled,,/Users/inventure71/VSProjects/School/Dream2Detect/data/real/source/redf0xwin_recognizing_defects_in_boxes_and_cardboard/images/0279.jpg,rgb_pad_resize_384,/Users/inventure71/VSProjects/School/Dream2Detect/data/datasets/real_labeled_dataset_current.csv
280,real_redf0xwin_0280,images/0280.jpg,not_applicable,available,labeled,,,,36-45,moderate,36-45,moderate,36-45,moderate,40,real_human_final,Real labeled image real_redf0xwin_0280,,36-45-moderate-low.md,,,,,,,,,,,,kaggle:redf0xwin/recognizing-defects-in-boxes-and-cardboard,dent:52;hole:2,/Users/inventure71/VSProjects/School/Dream2Detect/data/registries/real_relabel_registry.csv,labeled,,/Users/inventure71/VSProjects/School/Dream2Detect/data/real/source/redf0xwin_recognizing_defects_in_boxes_and_cardboard/images/0280.jpg,rgb_pad_resize_384,/Users/inventure71/VSProjects/School/Dream2Detect/data/datasets/real_labeled_dataset_current.csv
281,real_redf0xwin_0281,images/0281.jpg,not_applicable,available,labeled,,,,36-45,moderate,36-45,moderate,36-45,moderate,40,real_human_final,Real labeled image real_redf0xwin_0281,,36-45-moderate-low.md,,,,,,,,,,,,kaggle:redf0xwin/recognizing-defects-in-boxes-and-cardboard,dent:74;dirt:3;hole:3,/Users/inventure71/VSProjects/School/Dream2Detect/data/registries/real_relabel_registry.csv,labeled,,/Users/inventure71/VSProjects/School/Dream2Detect/data/real/source/redf0xwin_recognizing_defects_in_boxes_and_cardboard/images/0281.jpg,rgb_pad_resize_384,/Users/inventure71/VSProjects/School/Dream2Detect/data/datasets/real_labeled_dataset_current.csv
282,real_redf0xwin_0282,images/0282.jpg,not_applicable,available,labeled,,,,31-35,minor,31-35,minor,31-35,minor,33,real_human_final,Real labeled image real_redf0xwin_0282,,31-35-minor-high.md,,,,,,,,,,,,kaggle:redf0xwin/recognizing-defects-in-boxes-and-cardboard,dent:34;hole:1,/Users/inventure71/VSProjects/School/Dream2Detect/data/registries/real_relabel_registry.csv,labeled,,/Users/inventure71/VSProjects/School/Dream2Detect/data/real/source/redf0xwin_recognizing_defects_in_boxes_and_cardboard/images/0282.jpg,rgb_pad_resize_384,/Users/inventure71/VSProjects/School/Dream2Detect/data/datasets/real_labeled_dataset_current.csv
283,real_redf0xwin_0283,images/0283.jpg,not_applicable,available,labeled,,,,31-35,minor,31-35,minor,31-35,minor,33,real_human_final,Real labeled image real_redf0xwin_0283,,31-35-minor-high.md,,,,,,,,,,,,kaggle:redf0xwin/recognizing-defects-in-boxes-and-cardboard,dent:68;hole:4,/Users/inventure71/VSProjects/School/Dream2Detect/data/registries/real_relabel_registry.csv,labeled,,/Users/inventure71/VSProjects/School/Dream2Detect/data/real/source/redf0xwin_recognizing_defects_in_boxes_and_cardboard/images/0283.jpg,rgb_pad_resize_384,/Users/inventure71/VSProjects/School/Dream2Detect/data/datasets/real_labeled_dataset_current.csv
284,real_redf0xwin_0284,images/0284.jpg,not_applicable,available,labeled,,,,31-35,minor,31-35,minor,31-35,minor,33,real_human_final,Real labeled image real_redf0xwin_0284,,31-35-minor-high.md,,,,,,,,,,,,kaggle:redf0xwin/recognizing-defects-in-boxes-and-cardboard,dent:91;dirt:5;hole:1,/Users/inventure71/VSProjects/School/Dream2Detect/data/registries/real_relabel_registry.csv,labeled,,/Users/inventure71/VSProjects/School/Dream2Detect/data/real/source/redf0xwin_recognizing_defects_in_boxes_and_cardboard/images/0284.jpg,rgb_pad_resize_384,/Users/inventure71/VSProjects/School/Dream2Detect/data/datasets/real_labeled_dataset_current.csv
285,real_redf0xwin_0285,images/0285.jpg,not_applicable,available,labeled,,,,46-55,moderate,46-55,moderate,46-55,moderate,50,real_human_final,Real labeled image real_redf0xwin_0285,,46-55-moderate-mid.md,,,,,,,,,,,,kaggle:redf0xwin/recognizing-defects-in-boxes-and-cardboard,dent:56;dirt:2;hole:2,/Users/inventure71/VSProjects/School/Dream2Detect/data/registries/real_relabel_registry.csv,labeled,,/Users/inventure71/VSProjects/School/Dream2Detect/data/real/source/redf0xwin_recognizing_defects_in_boxes_and_cardboard/images/0285.jpg,rgb_pad_resize_384,/Users/inventure71/VSProjects/School/Dream2Detect/data/datasets/real_labeled_dataset_current.csv
286,real_redf0xwin_0286,images/0286.jpg,not_applicable,available,labeled,,,,56-65,moderate,56-65,moderate,56-65,moderate,60,real_human_final,Real labeled image real_redf0xwin_0286,,56-65-moderate-high.md,,,,,,,,,,,,kaggle:redf0xwin/recognizing-defects-in-boxes-and-cardboard,dent:82;dirt:4,/Users/inventure71/VSProjects/School/Dream2Detect/data/registries/real_relabel_registry.csv,labeled,,/Users/inventure71/VSProjects/School/Dream2Detect/data/real/source/redf0xwin_recognizing_defects_in_boxes_and_cardboard/images/0286.jpg,rgb_pad_resize_384,/Users/inventure71/VSProjects/School/Dream2Detect/data/datasets/real_labeled_dataset_current.csv
287,real_redf0xwin_0287,images/0287.jpg,not_applicable,available,labeled,,,,46-55,moderate,46-55,moderate,46-55,moderate,50,real_human_final,Real labeled image real_redf0xwin_0287,,46-55-moderate-mid.md,,,,,,,,,,,,kaggle:redf0xwin/recognizing-defects-in-boxes-and-cardboard,dent:49;dirt:2;hole:2,/Users/inventure71/VSProjects/School/Dream2Detect/data/registries/real_relabel_registry.csv,labeled,,/Users/inventure71/VSProjects/School/Dream2Detect/data/real/source/redf0xwin_recognizing_defects_in_boxes_and_cardboard/images/0287.jpg,rgb_pad_resize_384,/Users/inventure71/VSProjects/School/Dream2Detect/data/datasets/real_labeled_dataset_current.csv
288,real_redf0xwin_0288,images/0288.jpg,not_applicable,available,labeled,,,,36-45,moderate,36-45,moderate,36-45,moderate,40,real_human_final,Real labeled image real_redf0xwin_0288,,36-45-moderate-low.md,,,,,,,,,,,,kaggle:redf0xwin/recognizing-defects-in-boxes-and-cardboard,dent:49,/Users/inventure71/VSProjects/School/Dream2Detect/data/registries/real_relabel_registry.csv,labeled,,/Users/inventure71/VSProjects/School/Dream2Detect/data/real/source/redf0xwin_recognizing_defects_in_boxes_and_cardboard/images/0288.jpg,rgb_pad_resize_384,/Users/inventure71/VSProjects/School/Dream2Detect/data/datasets/real_labeled_dataset_current.csv
289,real_redf0xwin_0289,images/0289.jpg,not_applicable,available,labeled,,,,31-35,minor,31-35,minor,31-35,minor,33,real_human_final,Real labeled image real_redf0xwin_0289,,31-35-minor-high.md,,,,,,,,,,,,kaggle:redf0xwin/recognizing-defects-in-boxes-and-cardboard,dent:19,/Users/inventure71/VSProjects/School/Dream2Detect/data/registries/real_relabel_registry.csv,labeled,,/Users/inventure71/VSProjects/School/Dream2Detect/data/real/source/redf0xwin_recognizing_defects_in_boxes_and_cardboard/images/0289.jpg,rgb_pad_resize_384,/Users/inventure71/VSProjects/School/Dream2Detect/data/datasets/real_labeled_dataset_current.csv
290,real_redf0xwin_0290,images/0290.jpg,not_applicable,available,labeled,,,,46-55,moderate,46-55,moderate,46-55,moderate,50,real_human_final,Real labeled image real_redf0xwin_0290,,46-55-moderate-mid.md,,,,,,,,,,,,kaggle:redf0xwin/recognizing-defects-in-boxes-and-cardboard,dent:96;hole:5,/Users/inventure71/VSProjects/School/Dream2Detect/data/registries/real_relabel_registry.csv,labeled,,/Users/inventure71/VSProjects/School/Dream2Detect/data/real/source/redf0xwin_recognizing_defects_in_boxes_and_cardboard/images/0290.jpg,rgb_pad_resize_384,/Users/inventure71/VSProjects/School/Dream2Detect/data/datasets/real_labeled_dataset_current.csv
291,real_redf0xwin_0291,images/0291.jpg,not_applicable,available,labeled,,,,56-65,moderate,56-65,moderate,56-65,moderate,60,real_human_final,Real labeled image real_redf0xwin_0291,,56-65-moderate-high.md,,,,,,,,,,,,kaggle:redf0xwin/recognizing-defects-in-boxes-and-cardboard,dent:53;hole:4,/Users/inventure71/VSProjects/School/Dream2Detect/data/registries/real_relabel_registry.csv,labeled,,/Users/inventure71/VSProjects/School/Dream2Detect/data/real/source/redf0xwin_recognizing_defects_in_boxes_and_cardboard/images/0291.jpg,rgb_pad_resize_384,/Users/inventure71/VSProjects/School/Dream2Detect/data/datasets/real_labeled_dataset_current.csv
292,real_redf0xwin_0292,images/0292.jpg,not_applicable,available,labeled,,,,56-65,moderate,56-65,moderate,56-65,moderate,60,real_human_final,Real labeled image real_redf0xwin_0292,,56-65-moderate-high.md,,,,,,,,,,,,kaggle:redf0xwin/recognizing-defects-in-boxes-and-cardboard,dent:51;hole:4,/Users/inventure71/VSProjects/School/Dream2Detect/data/registries/real_relabel_registry.csv,labeled,,/Users/inventure71/VSProjects/School/Dream2Detect/data/real/source/redf0xwin_recognizing_defects_in_boxes_and_cardboard/images/0292.jpg,rgb_pad_resize_384,/Users/inventure71/VSProjects/School/Dream2Detect/data/datasets/real_labeled_dataset_current.csv
293,real_redf0xwin_0293,images/0293.jpg,not_applicable,available,labeled,,,,46-55,moderate,46-55,moderate,46-55,moderate,50,real_human_final,Real labeled image real_redf0xwin_0293,,46-55-moderate-mid.md,,,,,,,,,,,,kaggle:redf0xwin/recognizing-defects-in-boxes-and-cardboard,dent:92;dirt:6;hole:2,/Users/inventure71/VSProjects/School/Dream2Detect/data/registries/real_relabel_registry.csv,labeled,,/Users/inventure71/VSProjects/School/Dream2Detect/data/real/source/redf0xwin_recognizing_defects_in_boxes_and_cardboard/images/0293.jpg,rgb_pad_resize_384,/Users/inventure71/VSProjects/School/Dream2Detect/data/datasets/real_labeled_dataset_current.csv
294,real_redf0xwin_0294,images/0294.jpg,not_applicable,available,labeled,,,,36-45,moderate,36-45,moderate,36-45,moderate,40,real_human_final,Real labeled image real_redf0xwin_0294,,36-45-moderate-low.md,,,,,,,,,,,,kaggle:redf0xwin/recognizing-defects-in-boxes-and-cardboard,dent:26;dirt:3,/Users/inventure71/VSProjects/School/Dream2Detect/data/registries/real_relabel_registry.csv,labeled,,/Users/inventure71/VSProjects/School/Dream2Detect/data/real/source/redf0xwin_recognizing_defects_in_boxes_and_cardboard/images/0294.jpg,rgb_pad_resize_384,/Users/inventure71/VSProjects/School/Dream2Detect/data/datasets/real_labeled_dataset_current.csv
295,real_redf0xwin_0295,images/0295.jpg,not_applicable,available,labeled,,,,56-65,moderate,56-65,moderate,56-65,moderate,60,real_human_final,Real labeled image real_redf0xwin_0295,,56-65-moderate-high.md,,,,,,,,,,,,kaggle:redf0xwin/recognizing-defects-in-boxes-and-cardboard,dent:55;hole:1,/Users/inventure71/VSProjects/School/Dream2Detect/data/registries/real_relabel_registry.csv,labeled,,/Users/inventure71/VSProjects/School/Dream2Detect/data/real/source/redf0xwin_recognizing_defects_in_boxes_and_cardboard/images/0295.jpg,rgb_pad_resize_384,/Users/inventure71/VSProjects/School/Dream2Detect/data/datasets/real_labeled_dataset_current.csv
296,real_redf0xwin_0296,images/0296.jpg,not_applicable,available,labeled,,,,46-55,moderate,46-55,moderate,46-55,moderate,50,real_human_final,Real labeled image real_redf0xwin_0296,,46-55-moderate-mid.md,,,,,,,,,,,,kaggle:redf0xwin/recognizing-defects-in-boxes-and-cardboard,dent:73;hole:2,/Users/inventure71/VSProjects/School/Dream2Detect/data/registries/real_relabel_registry.csv,labeled,,/Users/inventure71/VSProjects/School/Dream2Detect/data/real/source/redf0xwin_recognizing_defects_in_boxes_and_cardboard/images/0296.jpg,rgb_pad_resize_384,/Users/inventure71/VSProjects/School/Dream2Detect/data/datasets/real_labeled_dataset_current.csv
297,real_redf0xwin_0297,images/0297.jpg,not_applicable,available,labeled,,,,31-35,minor,31-35,minor,31-35,minor,33,real_human_final,Real labeled image real_redf0xwin_0297,,31-35-minor-high.md,,,,,,,,,,,,kaggle:redf0xwin/recognizing-defects-in-boxes-and-cardboard,dent:92;dirt:7;hole:4,/Users/inventure71/VSProjects/School/Dream2Detect/data/registries/real_relabel_registry.csv,labeled,,/Users/inventure71/VSProjects/School/Dream2Detect/data/real/source/redf0xwin_recognizing_defects_in_boxes_and_cardboard/images/0297.jpg,rgb_pad_resize_384,/Users/inventure71/VSProjects/School/Dream2Detect/data/datasets/real_labeled_dataset_current.csv
298,real_redf0xwin_0298,images/0298.jpg,not_applicable,available,labeled,,,,31-35,minor,31-35,minor,31-35,minor,33,real_human_final,Real labeled image real_redf0xwin_0298,,31-35-minor-high.md,,,,,,,,,,,,kaggle:redf0xwin/recognizing-defects-in-boxes-and-cardboard,dent:64;dirt:15,/Users/inventure71/VSProjects/School/Dream2Detect/data/registries/real_relabel_registry.csv,labeled,,/Users/inventure71/VSProjects/School/Dream2Detect/data/real/source/redf0xwin_recognizing_defects_in_boxes_and_cardboard/images/0298.jpg,rgb_pad_resize_384,/Users/inventure71/VSProjects/School/Dream2Detect/data/datasets/real_labeled_dataset_current.csv
299,real_redf0xwin_0299,images/0299.jpg,not_applicable,available,labeled,,,,36-45,moderate,36-45,moderate,36-45,moderate,40,real_human_final,Real labeled image real_redf0xwin_0299,,36-45-moderate-low.md,,,,,,,,,,,,kaggle:redf0xwin/recognizing-defects-in-boxes-and-cardboard,dent:109;hole:1,/Users/inventure71/VSProjects/School/Dream2Detect/data/registries/real_relabel_registry.csv,labeled,,/Users/inventure71/VSProjects/School/Dream2Detect/data/real/source/redf0xwin_recognizing_defects_in_boxes_and_cardboard/images/0299.jpg,rgb_pad_resize_384,/Users/inventure71/VSProjects/School/Dream2Detect/data/datasets/real_labeled_dataset_current.csv
300,real_redf0xwin_0300,images/0300.jpg,not_applicable,available,labeled,,,,36-45,moderate,36-45,moderate,36-45,moderate,40,real_human_final,Real labeled image real_redf0xwin_0300,,36-45-moderate-low.md,,,,,,,,,,,,kaggle:redf0xwin/recognizing-defects-in-boxes-and-cardboard,dent:90;hole:1,/Users/inventure71/VSProjects/School/Dream2Detect/data/registries/real_relabel_registry.csv,labeled,,/Users/inventure71/VSProjects/School/Dream2Detect/data/real/source/redf0xwin_recognizing_defects_in_boxes_and_cardboard/images/0300.jpg,rgb_pad_resize_384,/Users/inventure71/VSProjects/School/Dream2Detect/data/datasets/real_labeled_dataset_current.csv
301,real_redf0xwin_0301,images/0301.jpg,not_applicable,available,labeled,,,,31-35,minor,31-35,minor,31-35,minor,33,real_human_final,Real labeled image real_redf0xwin_0301,,31-35-minor-high.md,,,,,,,,,,,,kaggle:redf0xwin/recognizing-defects-in-boxes-and-cardboard,dent:57;dirt:6;hole:2,/Users/inventure71/VSProjects/School/Dream2Detect/data/registries/real_relabel_registry.csv,labeled,,/Users/inventure71/VSProjects/School/Dream2Detect/data/real/source/redf0xwin_recognizing_defects_in_boxes_and_cardboard/images/0301.jpg,rgb_pad_resize_384,/Users/inventure71/VSProjects/School/Dream2Detect/data/datasets/real_labeled_dataset_current.csv
302,real_redf0xwin_0302,images/0302.jpg,not_applicable,available,labeled,,,,31-35,minor,31-35,minor,31-35,minor,33,real_human_final,Real labeled image real_redf0xwin_0302,,31-35-minor-high.md,,,,,,,,,,,,kaggle:redf0xwin/recognizing-defects-in-boxes-and-cardboard,dent:126;dirt:5;hole:4,/Users/inventure71/VSProjects/School/Dream2Detect/data/registries/real_relabel_registry.csv,labeled,,/Users/inventure71/VSProjects/School/Dream2Detect/data/real/source/redf0xwin_recognizing_defects_in_boxes_and_cardboard/images/0302.jpg,rgb_pad_resize_384,/Users/inventure71/VSProjects/School/Dream2Detect/data/datasets/real_labeled_dataset_current.csv
303,real_redf0xwin_0303,images/0303.jpg,not_applicable,available,labeled,,,,36-45,moderate,36-45,moderate,36-45,moderate,40,real_human_final,Real labeled image real_redf0xwin_0303,,36-45-moderate-low.md,,,,,,,,,,,,kaggle:redf0xwin/recognizing-defects-in-boxes-and-cardboard,dent:63;hole:1,/Users/inventure71/VSProjects/School/Dream2Detect/data/registries/real_relabel_registry.csv,labeled,,/Users/inventure71/VSProjects/School/Dream2Detect/data/real/source/redf0xwin_recognizing_defects_in_boxes_and_cardboard/images/0303.jpg,rgb_pad_resize_384,/Users/inventure71/VSProjects/School/Dream2Detect/data/datasets/real_labeled_dataset_current.csv
304,real_redf0xwin_0304,images/0304.jpg,not_applicable,available,labeled,,,,46-55,moderate,46-55,moderate,46-55,moderate,50,real_human_final,Real labeled image real_redf0xwin_0304,,46-55-moderate-mid.md,,,,,,,,,,,,kaggle:redf0xwin/recognizing-defects-in-boxes-and-cardboard,dent:35,/Users/inventure71/VSProjects/School/Dream2Detect/data/registries/real_relabel_registry.csv,labeled,,/Users/inventure71/VSProjects/School/Dream2Detect/data/real/source/redf0xwin_recognizing_defects_in_boxes_and_cardboard/images/0304.jpg,rgb_pad_resize_384,/Users/inventure71/VSProjects/School/Dream2Detect/data/datasets/real_labeled_dataset_current.csv
305,real_redf0xwin_0305,images/0305.jpg,not_applicable,available,labeled,,,,46-55,moderate,46-55,moderate,46-55,moderate,50,real_human_final,Real labeled image real_redf0xwin_0305,,46-55-moderate-mid.md,,,,,,,,,,,,kaggle:redf0xwin/recognizing-defects-in-boxes-and-cardboard,dent:64;hole:3,/Users/inventure71/VSProjects/School/Dream2Detect/data/registries/real_relabel_registry.csv,labeled,,/Users/inventure71/VSProjects/School/Dream2Detect/data/real/source/redf0xwin_recognizing_defects_in_boxes_and_cardboard/images/0305.jpg,rgb_pad_resize_384,/Users/inventure71/VSProjects/School/Dream2Detect/data/datasets/real_labeled_dataset_current.csv
306,real_redf0xwin_0306,images/0306.jpg,not_applicable,available,labeled,,,,36-45,moderate,36-45,moderate,36-45,moderate,40,real_human_final,Real labeled image real_redf0xwin_0306,,36-45-moderate-low.md,,,,,,,,,,,,kaggle:redf0xwin/recognizing-defects-in-boxes-and-cardboard,dent:46;dirt:1,/Users/inventure71/VSProjects/School/Dream2Detect/data/registries/real_relabel_registry.csv,labeled,,/Users/inventure71/VSProjects/School/Dream2Detect/data/real/source/redf0xwin_recognizing_defects_in_boxes_and_cardboard/images/0306.jpg,rgb_pad_resize_384,/Users/inventure71/VSProjects/School/Dream2Detect/data/datasets/real_labeled_dataset_current.csv
307,real_redf0xwin_0307,images/0307.jpg,not_applicable,available,labeled,,,,56-65,moderate,56-65,moderate,56-65,moderate,60,real_human_final,Real labeled image real_redf0xwin_0307,,56-65-moderate-high.md,,,,,,,,,,,,kaggle:redf0xwin/recognizing-defects-in-boxes-and-cardboard,dent:138,/Users/inventure71/VSProjects/School/Dream2Detect/data/registries/real_relabel_registry.csv,labeled,,/Users/inventure71/VSProjects/School/Dream2Detect/data/real/source/redf0xwin_recognizing_defects_in_boxes_and_cardboard/images/0307.jpg,rgb_pad_resize_384,/Users/inventure71/VSProjects/School/Dream2Detect/data/datasets/real_labeled_dataset_current.csv
308,real_redf0xwin_0308,images/0308.jpg,not_applicable,available,labeled,,,,56-65,moderate,56-65,moderate,56-65,moderate,60,real_human_final,Real labeled image real_redf0xwin_0308,,56-65-moderate-high.md,,,,,,,,,,,,kaggle:redf0xwin/recognizing-defects-in-boxes-and-cardboard,dent:89;dirt:1;hole:5,/Users/inventure71/VSProjects/School/Dream2Detect/data/registries/real_relabel_registry.csv,labeled,,/Users/inventure71/VSProjects/School/Dream2Detect/data/real/source/redf0xwin_recognizing_defects_in_boxes_and_cardboard/images/0308.jpg,rgb_pad_resize_384,/Users/inventure71/VSProjects/School/Dream2Detect/data/datasets/real_labeled_dataset_current.csv
309,real_redf0xwin_0309,images/0309.jpg,not_applicable,available,labeled,,,,56-65,moderate,56-65,moderate,56-65,moderate,60,real_human_final,Real labeled image real_redf0xwin_0309,,56-65-moderate-high.md,,,,,,,,,,,,kaggle:redf0xwin/recognizing-defects-in-boxes-and-cardboard,dent:100;dirt:1;hole:7,/Users/inventure71/VSProjects/School/Dream2Detect/data/registries/real_relabel_registry.csv,labeled,,/Users/inventure71/VSProjects/School/Dream2Detect/data/real/source/redf0xwin_recognizing_defects_in_boxes_and_cardboard/images/0309.jpg,rgb_pad_resize_384,/Users/inventure71/VSProjects/School/Dream2Detect/data/datasets/real_labeled_dataset_current.csv
310,real_redf0xwin_0310,images/0310.jpg,not_applicable,available,labeled,,,,46-55,moderate,46-55,moderate,46-55,moderate,50,real_human_final,Real labeled image real_redf0xwin_0310,,46-55-moderate-mid.md,,,,,,,,,,,,kaggle:redf0xwin/recognizing-defects-in-boxes-and-cardboard,dent:80;dirt:1;hole:3,/Users/inventure71/VSProjects/School/Dream2Detect/data/registries/real_relabel_registry.csv,labeled,,/Users/inventure71/VSProjects/School/Dream2Detect/data/real/source/redf0xwin_recognizing_defects_in_boxes_and_cardboard/images/0310.jpg,rgb_pad_resize_384,/Users/inventure71/VSProjects/School/Dream2Detect/data/datasets/real_labeled_dataset_current.csv
311,real_redf0xwin_0311,images/0311.jpg,not_applicable,available,labeled,,,,46-55,moderate,46-55,moderate,46-55,moderate,50,real_human_final,Real labeled image real_redf0xwin_0311,,46-55-moderate-mid.md,,,,,,,,,,,,kaggle:redf0xwin/recognizing-defects-in-boxes-and-cardboard,dent:142;hole:3,/Users/inventure71/VSProjects/School/Dream2Detect/data/registries/real_relabel_registry.csv,labeled,,/Users/inventure71/VSProjects/School/Dream2Detect/data/real/source/redf0xwin_recognizing_defects_in_boxes_and_cardboard/images/0311.jpg,rgb_pad_resize_384,/Users/inventure71/VSProjects/School/Dream2Detect/data/datasets/real_labeled_dataset_current.csv
312,real_redf0xwin_0312,images/0312.jpg,not_applicable,available,labeled,,,,56-65,moderate,56-65,moderate,56-65,moderate,60,real_human_final,Real labeled image real_redf0xwin_0312,,56-65-moderate-high.md,,,,,,,,,,,,kaggle:redf0xwin/recognizing-defects-in-boxes-and-cardboard,dent:85;hole:1,/Users/inventure71/VSProjects/School/Dream2Detect/data/registries/real_relabel_registry.csv,labeled,,/Users/inventure71/VSProjects/School/Dream2Detect/data/real/source/redf0xwin_recognizing_defects_in_boxes_and_cardboard/images/0312.jpg,rgb_pad_resize_384,/Users/inventure71/VSProjects/School/Dream2Detect/data/datasets/real_labeled_dataset_current.csv
313,real_redf0xwin_0313,images/0313.jpg,not_applicable,available,labeled,,,,36-45,moderate,36-45,moderate,36-45,moderate,40,real_human_final,Real labeled image real_redf0xwin_0313,,36-45-moderate-low.md,,,,,,,,,,,,kaggle:redf0xwin/recognizing-defects-in-boxes-and-cardboard,dent:30;hole:1,/Users/inventure71/VSProjects/School/Dream2Detect/data/registries/real_relabel_registry.csv,labeled,,/Users/inventure71/VSProjects/School/Dream2Detect/data/real/source/redf0xwin_recognizing_defects_in_boxes_and_cardboard/images/0313.jpg,rgb_pad_resize_384,/Users/inventure71/VSProjects/School/Dream2Detect/data/datasets/real_labeled_dataset_current.csv
314,real_redf0xwin_0314,images/0314.jpg,not_applicable,available,labeled,,,,46-55,moderate,46-55,moderate,46-55,moderate,50,real_human_final,Real labeled image real_redf0xwin_0314,,46-55-moderate-mid.md,,,,,,,,,,,,kaggle:redf0xwin/recognizing-defects-in-boxes-and-cardboard,dent:54;dirt:1;hole:1,/Users/inventure71/VSProjects/School/Dream2Detect/data/registries/real_relabel_registry.csv,labeled,,/Users/inventure71/VSProjects/School/Dream2Detect/data/real/source/redf0xwin_recognizing_defects_in_boxes_and_cardboard/images/0314.jpg,rgb_pad_resize_384,/Users/inventure71/VSProjects/School/Dream2Detect/data/datasets/real_labeled_dataset_current.csv
315,real_redf0xwin_0315,images/0315.jpg,not_applicable,available,labeled,,,,56-65,moderate,56-65,moderate,56-65,moderate,60,real_human_final,Real labeled image real_redf0xwin_0315,,56-65-moderate-high.md,,,,,,,,,,,,kaggle:redf0xwin/recognizing-defects-in-boxes-and-cardboard,dent:42,/Users/inventure71/VSProjects/School/Dream2Detect/data/registries/real_relabel_registry.csv,labeled,,/Users/inventure71/VSProjects/School/Dream2Detect/data/real/source/redf0xwin_recognizing_defects_in_boxes_and_cardboard/images/0315.jpg,rgb_pad_resize_384,/Users/inventure71/VSProjects/School/Dream2Detect/data/datasets/real_labeled_dataset_current.csv
316,real_redf0xwin_0316,images/0316.jpg,not_applicable,available,labeled,,,,36-45,moderate,36-45,moderate,36-45,moderate,40,real_human_final,Real labeled image real_redf0xwin_0316,,36-45-moderate-low.md,,,,,,,,,,,,kaggle:redf0xwin/recognizing-defects-in-boxes-and-cardboard,dent:55;dirt:5,/Users/inventure71/VSProjects/School/Dream2Detect/data/registries/real_relabel_registry.csv,labeled,,/Users/inventure71/VSProjects/School/Dream2Detect/data/real/source/redf0xwin_recognizing_defects_in_boxes_and_cardboard/images/0316.jpg,rgb_pad_resize_384,/Users/inventure71/VSProjects/School/Dream2Detect/data/datasets/real_labeled_dataset_current.csv
317,real_redf0xwin_0317,images/0317.jpg,not_applicable,available,labeled,,,,36-45,moderate,36-45,moderate,36-45,moderate,40,real_human_final,Real labeled image real_redf0xwin_0317,,36-45-moderate-low.md,,,,,,,,,,,,kaggle:redf0xwin/recognizing-defects-in-boxes-and-cardboard,dent:62;hole:2,/Users/inventure71/VSProjects/School/Dream2Detect/data/registries/real_relabel_registry.csv,labeled,,/Users/inventure71/VSProjects/School/Dream2Detect/data/real/source/redf0xwin_recognizing_defects_in_boxes_and_cardboard/images/0317.jpg,rgb_pad_resize_384,/Users/inventure71/VSProjects/School/Dream2Detect/data/datasets/real_labeled_dataset_current.csv
318,real_redf0xwin_0318,images/0318.jpg,not_applicable,available,labeled,,,,66-75,severe,66-75,severe,66-75,severe,70,real_human_final,Real labeled image real_redf0xwin_0318,,66-75-severe-low.md,,,,,,,,,,,,kaggle:redf0xwin/recognizing-defects-in-boxes-and-cardboard,dent:51;hole:2,/Users/inventure71/VSProjects/School/Dream2Detect/data/registries/real_relabel_registry.csv,labeled,,/Users/inventure71/VSProjects/School/Dream2Detect/data/real/source/redf0xwin_recognizing_defects_in_boxes_and_cardboard/images/0318.jpg,rgb_pad_resize_384,/Users/inventure71/VSProjects/School/Dream2Detect/data/datasets/real_labeled_dataset_current.csv
319,real_redf0xwin_0319,images/0319.jpg,not_applicable,available,labeled,,,,66-75,severe,66-75,severe,66-75,severe,70,real_human_final,Real labeled image real_redf0xwin_0319,,66-75-severe-low.md,,,,,,,,,,,,kaggle:redf0xwin/recognizing-defects-in-boxes-and-cardboard,dent:144;hole:4,/Users/inventure71/VSProjects/School/Dream2Detect/data/registries/real_relabel_registry.csv,labeled,,/Users/inventure71/VSProjects/School/Dream2Detect/data/real/source/redf0xwin_recognizing_defects_in_boxes_and_cardboard/images/0319.jpg,rgb_pad_resize_384,/Users/inventure71/VSProjects/School/Dream2Detect/data/datasets/real_labeled_dataset_current.csv
320,real_redf0xwin_0320,images/0320.jpg,not_applicable,available,labeled,,,,56-65,moderate,56-65,moderate,56-65,moderate,60,real_human_final,Real labeled image real_redf0xwin_0320,,56-65-moderate-high.md,,,,,,,,,,,,kaggle:redf0xwin/recognizing-defects-in-boxes-and-cardboard,dent:63;hole:1,/Users/inventure71/VSProjects/School/Dream2Detect/data/registries/real_relabel_registry.csv,labeled,,/Users/inventure71/VSProjects/School/Dream2Detect/data/real/source/redf0xwin_recognizing_defects_in_boxes_and_cardboard/images/0320.jpg,rgb_pad_resize_384,/Users/inventure71/VSProjects/School/Dream2Detect/data/datasets/real_labeled_dataset_current.csv
321,real_redf0xwin_0321,images/0321.jpg,not_applicable,available,labeled,,,,36-45,moderate,36-45,moderate,36-45,moderate,40,real_human_final,Real labeled image real_redf0xwin_0321,,36-45-moderate-low.md,,,,,,,,,,,,kaggle:redf0xwin/recognizing-defects-in-boxes-and-cardboard,dent:44;hole:3,/Users/inventure71/VSProjects/School/Dream2Detect/data/registries/real_relabel_registry.csv,labeled,,/Users/inventure71/VSProjects/School/Dream2Detect/data/real/source/redf0xwin_recognizing_defects_in_boxes_and_cardboard/images/0321.jpg,rgb_pad_resize_384,/Users/inventure71/VSProjects/School/Dream2Detect/data/datasets/real_labeled_dataset_current.csv
322,real_redf0xwin_0322,images/0322.jpg,not_applicable,available,labeled,,,,56-65,moderate,56-65,moderate,56-65,moderate,60,real_human_final,Real labeled image real_redf0xwin_0322,,56-65-moderate-high.md,,,,,,,,,,,,kaggle:redf0xwin/recognizing-defects-in-boxes-and-cardboard,dent:44;hole:3,/Users/inventure71/VSProjects/School/Dream2Detect/data/registries/real_relabel_registry.csv,labeled,,/Users/inventure71/VSProjects/School/Dream2Detect/data/real/source/redf0xwin_recognizing_defects_in_boxes_and_cardboard/images/0322.jpg,rgb_pad_resize_384,/Users/inventure71/VSProjects/School/Dream2Detect/data/datasets/real_labeled_dataset_current.csv
323,real_redf0xwin_0323,images/0323.jpg,not_applicable,available,labeled,,,,36-45,moderate,36-45,moderate,36-45,moderate,40,real_human_final,Real labeled image real_redf0xwin_0323,,36-45-moderate-low.md,,,,,,,,,,,,kaggle:redf0xwin/recognizing-defects-in-boxes-and-cardboard,dent:43;dirt:1;hole:3,/Users/inventure71/VSProjects/School/Dream2Detect/data/registries/real_relabel_registry.csv,labeled,,/Users/inventure71/VSProjects/School/Dream2Detect/data/real/source/redf0xwin_recognizing_defects_in_boxes_and_cardboard/images/0323.jpg,rgb_pad_resize_384,/Users/inventure71/VSProjects/School/Dream2Detect/data/datasets/real_labeled_dataset_current.csv
324,real_redf0xwin_0324,images/0324.jpg,not_applicable,available,labeled,,,,36-45,moderate,36-45,moderate,36-45,moderate,40,real_human_final,Real labeled image real_redf0xwin_0324,,36-45-moderate-low.md,,,,,,,,,,,,kaggle:redf0xwin/recognizing-defects-in-boxes-and-cardboard,dent:39;hole:1,/Users/inventure71/VSProjects/School/Dream2Detect/data/registries/real_relabel_registry.csv,labeled,,/Users/inventure71/VSProjects/School/Dream2Detect/data/real/source/redf0xwin_recognizing_defects_in_boxes_and_cardboard/images/0324.jpg,rgb_pad_resize_384,/Users/inventure71/VSProjects/School/Dream2Detect/data/datasets/real_labeled_dataset_current.csv
325,real_redf0xwin_0325,images/0325.jpg,not_applicable,available,labeled,,,,36-45,moderate,36-45,moderate,36-45,moderate,40,real_human_final,Real labeled image real_redf0xwin_0325,,36-45-moderate-low.md,,,,,,,,,,,,kaggle:redf0xwin/recognizing-defects-in-boxes-and-cardboard,dent:107,/Users/inventure71/VSProjects/School/Dream2Detect/data/registries/real_relabel_registry.csv,labeled,,/Users/inventure71/VSProjects/School/Dream2Detect/data/real/source/redf0xwin_recognizing_defects_in_boxes_and_cardboard/images/0325.jpg,rgb_pad_resize_384,/Users/inventure71/VSProjects/School/Dream2Detect/data/datasets/real_labeled_dataset_current.csv
326,real_redf0xwin_0326,images/0326.jpg,not_applicable,available,labeled,,,,36-45,moderate,36-45,moderate,36-45,moderate,40,real_human_final,Real labeled image real_redf0xwin_0326,,36-45-moderate-low.md,,,,,,,,,,,,kaggle:redf0xwin/recognizing-defects-in-boxes-and-cardboard,dent:30;dirt:1,/Users/inventure71/VSProjects/School/Dream2Detect/data/registries/real_relabel_registry.csv,labeled,,/Users/inventure71/VSProjects/School/Dream2Detect/data/real/source/redf0xwin_recognizing_defects_in_boxes_and_cardboard/images/0326.jpg,rgb_pad_resize_384,/Users/inventure71/VSProjects/School/Dream2Detect/data/datasets/real_labeled_dataset_current.csv
327,real_redf0xwin_0327,images/0327.jpg,not_applicable,available,labeled,,,,36-45,moderate,36-45,moderate,36-45,moderate,40,real_human_final,Real labeled image real_redf0xwin_0327,,36-45-moderate-low.md,,,,,,,,,,,,kaggle:redf0xwin/recognizing-defects-in-boxes-and-cardboard,dent:36,/Users/inventure71/VSProjects/School/Dream2Detect/data/registries/real_relabel_registry.csv,labeled,,/Users/inventure71/VSProjects/School/Dream2Detect/data/real/source/redf0xwin_recognizing_defects_in_boxes_and_cardboard/images/0327.jpg,rgb_pad_resize_384,/Users/inventure71/VSProjects/School/Dream2Detect/data/datasets/real_labeled_dataset_current.csv
328,real_redf0xwin_0328,images/0328.jpg,not_applicable,available,labeled,,,,36-45,moderate,36-45,moderate,36-45,moderate,40,real_human_final,Real labeled image real_redf0xwin_0328,,36-45-moderate-low.md,,,,,,,,,,,,kaggle:redf0xwin/recognizing-defects-in-boxes-and-cardboard,dent:19,/Users/inventure71/VSProjects/School/Dream2Detect/data/registries/real_relabel_registry.csv,labeled,,/Users/inventure71/VSProjects/School/Dream2Detect/data/real/source/redf0xwin_recognizing_defects_in_boxes_and_cardboard/images/0328.jpg,rgb_pad_resize_384,/Users/inventure71/VSProjects/School/Dream2Detect/data/datasets/real_labeled_dataset_current.csv
329,real_redf0xwin_0329,images/0329.jpg,not_applicable,available,labeled,,,,46-55,moderate,46-55,moderate,46-55,moderate,50,real_human_final,Real labeled image real_redf0xwin_0329,,46-55-moderate-mid.md,,,,,,,,,,,,kaggle:redf0xwin/recognizing-defects-in-boxes-and-cardboard,dent:57,/Users/inventure71/VSProjects/School/Dream2Detect/data/registries/real_relabel_registry.csv,labeled,,/Users/inventure71/VSProjects/School/Dream2Detect/data/real/source/redf0xwin_recognizing_defects_in_boxes_and_cardboard/images/0329.jpg,rgb_pad_resize_384,/Users/inventure71/VSProjects/School/Dream2Detect/data/datasets/real_labeled_dataset_current.csv
330,real_redf0xwin_0330,images/0330.jpg,not_applicable,available,labeled,,,,46-55,moderate,46-55,moderate,46-55,moderate,50,real_human_final,Real labeled image real_redf0xwin_0330,,46-55-moderate-mid.md,,,,,,,,,,,,kaggle:redf0xwin/recognizing-defects-in-boxes-and-cardboard,dent:61,/Users/inventure71/VSProjects/School/Dream2Detect/data/registries/real_relabel_registry.csv,labeled,,/Users/inventure71/VSProjects/School/Dream2Detect/data/real/source/redf0xwin_recognizing_defects_in_boxes_and_cardboard/images/0330.jpg,rgb_pad_resize_384,/Users/inventure71/VSProjects/School/Dream2Detect/data/datasets/real_labeled_dataset_current.csv
331,real_redf0xwin_0331,images/0331.jpg,not_applicable,available,labeled,,,,46-55,moderate,46-55,moderate,46-55,moderate,50,real_human_final,Real labeled image real_redf0xwin_0331,,46-55-moderate-mid.md,,,,,,,,,,,,kaggle:redf0xwin/recognizing-defects-in-boxes-and-cardboard,dent:25,/Users/inventure71/VSProjects/School/Dream2Detect/data/registries/real_relabel_registry.csv,labeled,,/Users/inventure71/VSProjects/School/Dream2Detect/data/real/source/redf0xwin_recognizing_defects_in_boxes_and_cardboard/images/0331.jpg,rgb_pad_resize_384,/Users/inventure71/VSProjects/School/Dream2Detect/data/datasets/real_labeled_dataset_current.csv
332,real_redf0xwin_0332,images/0332.jpg,not_applicable,available,labeled,,,,46-55,moderate,46-55,moderate,46-55,moderate,50,real_human_final,Real labeled image real_redf0xwin_0332,,46-55-moderate-mid.md,,,,,,,,,,,,kaggle:redf0xwin/recognizing-defects-in-boxes-and-cardboard,dent:45,/Users/inventure71/VSProjects/School/Dream2Detect/data/registries/real_relabel_registry.csv,labeled,,/Users/inventure71/VSProjects/School/Dream2Detect/data/real/source/redf0xwin_recognizing_defects_in_boxes_and_cardboard/images/0332.jpg,rgb_pad_resize_384,/Users/inventure71/VSProjects/School/Dream2Detect/data/datasets/real_labeled_dataset_current.csv
333,real_redf0xwin_0333,images/0333.jpg,not_applicable,available,labeled,,,,56-65,moderate,56-65,moderate,56-65,moderate,60,real_human_final,Real labeled image real_redf0xwin_0333,,56-65-moderate-high.md,,,,,,,,,,,,kaggle:redf0xwin/recognizing-defects-in-boxes-and-cardboard,dent:49,/Users/inventure71/VSProjects/School/Dream2Detect/data/registries/real_relabel_registry.csv,labeled,,/Users/inventure71/VSProjects/School/Dream2Detect/data/real/source/redf0xwin_recognizing_defects_in_boxes_and_cardboard/images/0333.jpg,rgb_pad_resize_384,/Users/inventure71/VSProjects/School/Dream2Detect/data/datasets/real_labeled_dataset_current.csv
334,real_redf0xwin_0334,images/0334.jpg,not_applicable,available,labeled,,,,31-35,minor,31-35,minor,31-35,minor,33,real_human_final,Real labeled image real_redf0xwin_0334,,31-35-minor-high.md,,,,,,,,,,,,kaggle:redf0xwin/recognizing-defects-in-boxes-and-cardboard,dent:35,/Users/inventure71/VSProjects/School/Dream2Detect/data/registries/real_relabel_registry.csv,labeled,,/Users/inventure71/VSProjects/School/Dream2Detect/data/real/source/redf0xwin_recognizing_defects_in_boxes_and_cardboard/images/0334.jpg,rgb_pad_resize_384,/Users/inventure71/VSProjects/School/Dream2Detect/data/datasets/real_labeled_dataset_current.csv
335,real_redf0xwin_0335,images/0335.jpg,not_applicable,available,labeled,,,,31-35,minor,31-35,minor,31-35,minor,33,real_human_final,Real labeled image real_redf0xwin_0335,,31-35-minor-high.md,,,,,,,,,,,,kaggle:redf0xwin/recognizing-defects-in-boxes-and-cardboard,dent:21,/Users/inventure71/VSProjects/School/Dream2Detect/data/registries/real_relabel_registry.csv,labeled,,/Users/inventure71/VSProjects/School/Dream2Detect/data/real/source/redf0xwin_recognizing_defects_in_boxes_and_cardboard/images/0335.jpg,rgb_pad_resize_384,/Users/inventure71/VSProjects/School/Dream2Detect/data/datasets/real_labeled_dataset_current.csv
336,real_redf0xwin_0336,images/0336.jpg,not_applicable,available,labeled,,,,66-75,severe,66-75,severe,66-75,severe,70,real_human_final,Real labeled image real_redf0xwin_0336,,66-75-severe-low.md,,,,,,,,,,,,kaggle:redf0xwin/recognizing-defects-in-boxes-and-cardboard,dent:54;hole:4,/Users/inventure71/VSProjects/School/Dream2Detect/data/registries/real_relabel_registry.csv,labeled,,/Users/inventure71/VSProjects/School/Dream2Detect/data/real/source/redf0xwin_recognizing_defects_in_boxes_and_cardboard/images/0336.jpg,rgb_pad_resize_384,/Users/inventure71/VSProjects/School/Dream2Detect/data/datasets/real_labeled_dataset_current.csv
337,real_redf0xwin_0337,images/0337.jpg,not_applicable,available,labeled,,,,36-45,moderate,36-45,moderate,36-45,moderate,40,real_human_final,Real labeled image real_redf0xwin_0337,,36-45-moderate-low.md,,,,,,,,,,,,kaggle:redf0xwin/recognizing-defects-in-boxes-and-cardboard,dent:34;hole:2,/Users/inventure71/VSProjects/School/Dream2Detect/data/registries/real_relabel_registry.csv,labeled,,/Users/inventure71/VSProjects/School/Dream2Detect/data/real/source/redf0xwin_recognizing_defects_in_boxes_and_cardboard/images/0337.jpg,rgb_pad_resize_384,/Users/inventure71/VSProjects/School/Dream2Detect/data/datasets/real_labeled_dataset_current.csv
338,real_redf0xwin_0338,images/0338.jpg,not_applicable,available,labeled,,,,76-85,severe,76-85,severe,76-85,severe,80,real_human_final,Real labeled image real_redf0xwin_0338,,76-85-severe-mid.md,,,,,,,,,,,,kaggle:redf0xwin/recognizing-defects-in-boxes-and-cardboard,dent:62;hole:2,/Users/inventure71/VSProjects/School/Dream2Detect/data/registries/real_relabel_registry.csv,labeled,,/Users/inventure71/VSProjects/School/Dream2Detect/data/real/source/redf0xwin_recognizing_defects_in_boxes_and_cardboard/images/0338.jpg,rgb_pad_resize_384,/Users/inventure71/VSProjects/School/Dream2Detect/data/datasets/real_labeled_dataset_current.csv
339,real_redf0xwin_0339,images/0339.jpg,not_applicable,available,labeled,,,,66-75,severe,66-75,severe,66-75,severe,70,real_human_final,Real labeled image real_redf0xwin_0339,,66-75-severe-low.md,,,,,,,,,,,,kaggle:redf0xwin/recognizing-defects-in-boxes-and-cardboard,dent:59;hole:5,/Users/inventure71/VSProjects/School/Dream2Detect/data/registries/real_relabel_registry.csv,labeled,,/Users/inventure71/VSProjects/School/Dream2Detect/data/real/source/redf0xwin_recognizing_defects_in_boxes_and_cardboard/images/0339.jpg,rgb_pad_resize_384,/Users/inventure71/VSProjects/School/Dream2Detect/data/datasets/real_labeled_dataset_current.csv
340,real_redf0xwin_0340,images/0340.jpg,not_applicable,available,labeled,,,,56-65,moderate,56-65,moderate,56-65,moderate,60,real_human_final,Real labeled image real_redf0xwin_0340,,56-65-moderate-high.md,,,,,,,,,,,,kaggle:redf0xwin/recognizing-defects-in-boxes-and-cardboard,dent:103;dirt:11;hole:3,/Users/inventure71/VSProjects/School/Dream2Detect/data/registries/real_relabel_registry.csv,labeled,,/Users/inventure71/VSProjects/School/Dream2Detect/data/real/source/redf0xwin_recognizing_defects_in_boxes_and_cardboard/images/0340.jpg,rgb_pad_resize_384,/Users/inventure71/VSProjects/School/Dream2Detect/data/datasets/real_labeled_dataset_current.csv
341,real_redf0xwin_0341,images/0341.jpg,not_applicable,available,labeled,,,,36-45,moderate,36-45,moderate,36-45,moderate,40,real_human_final,Real labeled image real_redf0xwin_0341,,36-45-moderate-low.md,,,,,,,,,,,,kaggle:redf0xwin/recognizing-defects-in-boxes-and-cardboard,dent:60;hole:2,/Users/inventure71/VSProjects/School/Dream2Detect/data/registries/real_relabel_registry.csv,labeled,,/Users/inventure71/VSProjects/School/Dream2Detect/data/real/source/redf0xwin_recognizing_defects_in_boxes_and_cardboard/images/0341.jpg,rgb_pad_resize_384,/Users/inventure71/VSProjects/School/Dream2Detect/data/datasets/real_labeled_dataset_current.csv
342,real_redf0xwin_0342,images/0342.jpg,not_applicable,available,labeled,,,,36-45,moderate,36-45,moderate,36-45,moderate,40,real_human_final,Real labeled image real_redf0xwin_0342,,36-45-moderate-low.md,,,,,,,,,,,,kaggle:redf0xwin/recognizing-defects-in-boxes-and-cardboard,dent:92,/Users/inventure71/VSProjects/School/Dream2Detect/data/registries/real_relabel_registry.csv,labeled,,/Users/inventure71/VSProjects/School/Dream2Detect/data/real/source/redf0xwin_recognizing_defects_in_boxes_and_cardboard/images/0342.jpg,rgb_pad_resize_384,/Users/inventure71/VSProjects/School/Dream2Detect/data/datasets/real_labeled_dataset_current.csv
343,real_redf0xwin_0343,images/0343.jpg,not_applicable,available,labeled,,,,31-35,minor,31-35,minor,31-35,minor,33,real_human_final,Real labeled image real_redf0xwin_0343,,31-35-minor-high.md,,,,,,,,,,,,kaggle:redf0xwin/recognizing-defects-in-boxes-and-cardboard,dent:57;dirt:6,/Users/inventure71/VSProjects/School/Dream2Detect/data/registries/real_relabel_registry.csv,labeled,,/Users/inventure71/VSProjects/School/Dream2Detect/data/real/source/redf0xwin_recognizing_defects_in_boxes_and_cardboard/images/0343.jpg,rgb_pad_resize_384,/Users/inventure71/VSProjects/School/Dream2Detect/data/datasets/real_labeled_dataset_current.csv
344,real_redf0xwin_0344,images/0344.jpg,not_applicable,available,labeled,,,,21-30,minor,21-30,minor,21-30,minor,25,real_human_final,Real labeled image real_redf0xwin_0344,,21-30-minor-mid.md,,,,,,,,,,,,kaggle:redf0xwin/recognizing-defects-in-boxes-and-cardboard,dent:35;dirt:17;hole:1,/Users/inventure71/VSProjects/School/Dream2Detect/data/registries/real_relabel_registry.csv,labeled,,/Users/inventure71/VSProjects/School/Dream2Detect/data/real/source/redf0xwin_recognizing_defects_in_boxes_and_cardboard/images/0344.jpg,rgb_pad_resize_384,/Users/inventure71/VSProjects/School/Dream2Detect/data/datasets/real_labeled_dataset_current.csv
345,real_redf0xwin_0345,images/0345.jpg,not_applicable,available,labeled,,,,31-35,minor,31-35,minor,31-35,minor,33,real_human_final,Real labeled image real_redf0xwin_0345,,31-35-minor-high.md,,,,,,,,,,,,kaggle:redf0xwin/recognizing-defects-in-boxes-and-cardboard,dent:68;dirt:29;hole:2,/Users/inventure71/VSProjects/School/Dream2Detect/data/registries/real_relabel_registry.csv,labeled,,/Users/inventure71/VSProjects/School/Dream2Detect/data/real/source/redf0xwin_recognizing_defects_in_boxes_and_cardboard/images/0345.jpg,rgb_pad_resize_384,/Users/inventure71/VSProjects/School/Dream2Detect/data/datasets/real_labeled_dataset_current.csv
346,real_redf0xwin_0346,images/0346.jpg,not_applicable,available,labeled,,,,46-55,moderate,46-55,moderate,46-55,moderate,50,real_human_final,Real labeled image real_redf0xwin_0346,,46-55-moderate-mid.md,,,,,,,,,,,,kaggle:redf0xwin/recognizing-defects-in-boxes-and-cardboard,dent:64;hole:7,/Users/inventure71/VSProjects/School/Dream2Detect/data/registries/real_relabel_registry.csv,labeled,,/Users/inventure71/VSProjects/School/Dream2Detect/data/real/source/redf0xwin_recognizing_defects_in_boxes_and_cardboard/images/0346.jpg,rgb_pad_resize_384,/Users/inventure71/VSProjects/School/Dream2Detect/data/datasets/real_labeled_dataset_current.csv
347,real_redf0xwin_0347,images/0347.jpg,not_applicable,available,labeled,,,,56-65,moderate,56-65,moderate,56-65,moderate,60,real_human_final,Real labeled image real_redf0xwin_0347,,56-65-moderate-high.md,,,,,,,,,,,,kaggle:redf0xwin/recognizing-defects-in-boxes-and-cardboard,dent:111,/Users/inventure71/VSProjects/School/Dream2Detect/data/registries/real_relabel_registry.csv,labeled,,/Users/inventure71/VSProjects/School/Dream2Detect/data/real/source/redf0xwin_recognizing_defects_in_boxes_and_cardboard/images/0347.jpg,rgb_pad_resize_384,/Users/inventure71/VSProjects/School/Dream2Detect/data/datasets/real_labeled_dataset_current.csv
348,real_redf0xwin_0348,images/0348.jpg,not_applicable,available,labeled,,,,46-55,moderate,46-55,moderate,46-55,moderate,50,real_human_final,Real labeled image real_redf0xwin_0348,,46-55-moderate-mid.md,,,,,,,,,,,,kaggle:redf0xwin/recognizing-defects-in-boxes-and-cardboard,dent:113,/Users/inventure71/VSProjects/School/Dream2Detect/data/registries/real_relabel_registry.csv,labeled,,/Users/inventure71/VSProjects/School/Dream2Detect/data/real/source/redf0xwin_recognizing_defects_in_boxes_and_cardboard/images/0348.jpg,rgb_pad_resize_384,/Users/inventure71/VSProjects/School/Dream2Detect/data/datasets/real_labeled_dataset_current.csv
349,real_redf0xwin_0349,images/0349.jpg,not_applicable,available,labeled,,,,36-45,moderate,36-45,moderate,36-45,moderate,40,real_human_final,Real labeled image real_redf0xwin_0349,,36-45-moderate-low.md,,,,,,,,,,,,kaggle:redf0xwin/recognizing-defects-in-boxes-and-cardboard,dent:94;hole:2,/Users/inventure71/VSProjects/School/Dream2Detect/data/registries/real_relabel_registry.csv,labeled,,/Users/inventure71/VSProjects/School/Dream2Detect/data/real/source/redf0xwin_recognizing_defects_in_boxes_and_cardboard/images/0349.jpg,rgb_pad_resize_384,/Users/inventure71/VSProjects/School/Dream2Detect/data/datasets/real_labeled_dataset_current.csv
350,real_redf0xwin_0350,images/0350.jpg,not_applicable,available,labeled,,,,36-45,moderate,36-45,moderate,36-45,moderate,40,real_human_final,Real labeled image real_redf0xwin_0350,,36-45-moderate-low.md,,,,,,,,,,,,kaggle:redf0xwin/recognizing-defects-in-boxes-and-cardboard,dent:69,/Users/inventure71/VSProjects/School/Dream2Detect/data/registries/real_relabel_registry.csv,labeled,,/Users/inventure71/VSProjects/School/Dream2Detect/data/real/source/redf0xwin_recognizing_defects_in_boxes_and_cardboard/images/0350.jpg,rgb_pad_resize_384,/Users/inventure71/VSProjects/School/Dream2Detect/data/datasets/real_labeled_dataset_current.csv
351,real_redf0xwin_0351,images/0351.jpg,not_applicable,available,labeled,,,,46-55,moderate,46-55,moderate,46-55,moderate,50,real_human_final,Real labeled image real_redf0xwin_0351,,46-55-moderate-mid.md,,,,,,,,,,,,kaggle:redf0xwin/recognizing-defects-in-boxes-and-cardboard,dent:59;hole:3,/Users/inventure71/VSProjects/School/Dream2Detect/data/registries/real_relabel_registry.csv,labeled,,/Users/inventure71/VSProjects/School/Dream2Detect/data/real/source/redf0xwin_recognizing_defects_in_boxes_and_cardboard/images/0351.jpg,rgb_pad_resize_384,/Users/inventure71/VSProjects/School/Dream2Detect/data/datasets/real_labeled_dataset_current.csv
352,real_redf0xwin_0352,images/0352.jpg,not_applicable,available,labeled,,,,36-45,moderate,36-45,moderate,36-45,moderate,40,real_human_final,Real labeled image real_redf0xwin_0352,,36-45-moderate-low.md,,,,,,,,,,,,kaggle:redf0xwin/recognizing-defects-in-boxes-and-cardboard,dent:67,/Users/inventure71/VSProjects/School/Dream2Detect/data/registries/real_relabel_registry.csv,labeled,,/Users/inventure71/VSProjects/School/Dream2Detect/data/real/source/redf0xwin_recognizing_defects_in_boxes_and_cardboard/images/0352.jpg,rgb_pad_resize_384,/Users/inventure71/VSProjects/School/Dream2Detect/data/datasets/real_labeled_dataset_current.csv
353,real_redf0xwin_0353,images/0353.jpg,not_applicable,available,labeled,,,,56-65,moderate,56-65,moderate,56-65,moderate,60,real_human_final,Real labeled image real_redf0xwin_0353,,56-65-moderate-high.md,,,,,,,,,,,,kaggle:redf0xwin/recognizing-defects-in-boxes-and-cardboard,dent:101,/Users/inventure71/VSProjects/School/Dream2Detect/data/registries/real_relabel_registry.csv,labeled,,/Users/inventure71/VSProjects/School/Dream2Detect/data/real/source/redf0xwin_recognizing_defects_in_boxes_and_cardboard/images/0353.jpg,rgb_pad_resize_384,/Users/inventure71/VSProjects/School/Dream2Detect/data/datasets/real_labeled_dataset_current.csv
354,real_redf0xwin_0354,images/0354.jpg,not_applicable,available,labeled,,,,66-75,severe,66-75,severe,66-75,severe,70,real_human_final,Real labeled image real_redf0xwin_0354,,66-75-severe-low.md,,,,,,,,,,,,kaggle:redf0xwin/recognizing-defects-in-boxes-and-cardboard,dent:130;hole:15,/Users/inventure71/VSProjects/School/Dream2Detect/data/registries/real_relabel_registry.csv,labeled,,/Users/inventure71/VSProjects/School/Dream2Detect/data/real/source/redf0xwin_recognizing_defects_in_boxes_and_cardboard/images/0354.jpg,rgb_pad_resize_384,/Users/inventure71/VSProjects/School/Dream2Detect/data/datasets/real_labeled_dataset_current.csv
355,real_redf0xwin_0355,images/0355.jpg,not_applicable,available,labeled,,,,46-55,moderate,46-55,moderate,46-55,moderate,50,real_human_final,Real labeled image real_redf0xwin_0355,,46-55-moderate-mid.md,,,,,,,,,,,,kaggle:redf0xwin/recognizing-defects-in-boxes-and-cardboard,dent:71,/Users/inventure71/VSProjects/School/Dream2Detect/data/registries/real_relabel_registry.csv,labeled,,/Users/inventure71/VSProjects/School/Dream2Detect/data/real/source/redf0xwin_recognizing_defects_in_boxes_and_cardboard/images/0355.jpg,rgb_pad_resize_384,/Users/inventure71/VSProjects/School/Dream2Detect/data/datasets/real_labeled_dataset_current.csv
356,real_redf0xwin_0356,images/0356.jpg,not_applicable,available,labeled,,,,46-55,moderate,46-55,moderate,46-55,moderate,50,real_human_final,Real labeled image real_redf0xwin_0356,,46-55-moderate-mid.md,,,,,,,,,,,,kaggle:redf0xwin/recognizing-defects-in-boxes-and-cardboard,dent:106,/Users/inventure71/VSProjects/School/Dream2Detect/data/registries/real_relabel_registry.csv,labeled,,/Users/inventure71/VSProjects/School/Dream2Detect/data/real/source/redf0xwin_recognizing_defects_in_boxes_and_cardboard/images/0356.jpg,rgb_pad_resize_384,/Users/inventure71/VSProjects/School/Dream2Detect/data/datasets/real_labeled_dataset_current.csv
357,real_redf0xwin_0357,images/0357.jpg,not_applicable,available,labeled,,,,31-35,minor,31-35,minor,31-35,minor,33,real_human_final,Real labeled image real_redf0xwin_0357,,31-35-minor-high.md,,,,,,,,,,,,kaggle:redf0xwin/recognizing-defects-in-boxes-and-cardboard,dent:136;hole:1,/Users/inventure71/VSProjects/School/Dream2Detect/data/registries/real_relabel_registry.csv,labeled,,/Users/inventure71/VSProjects/School/Dream2Detect/data/real/source/redf0xwin_recognizing_defects_in_boxes_and_cardboard/images/0357.jpg,rgb_pad_resize_384,/Users/inventure71/VSProjects/School/Dream2Detect/data/datasets/real_labeled_dataset_current.csv
358,real_redf0xwin_0358,images/0358.jpg,not_applicable,available,labeled,,,,31-35,minor,31-35,minor,31-35,minor,33,real_human_final,Real labeled image real_redf0xwin_0358,,31-35-minor-high.md,,,,,,,,,,,,kaggle:redf0xwin/recognizing-defects-in-boxes-and-cardboard,dent:107;hole:2,/Users/inventure71/VSProjects/School/Dream2Detect/data/registries/real_relabel_registry.csv,labeled,,/Users/inventure71/VSProjects/School/Dream2Detect/data/real/source/redf0xwin_recognizing_defects_in_boxes_and_cardboard/images/0358.jpg,rgb_pad_resize_384,/Users/inventure71/VSProjects/School/Dream2Detect/data/datasets/real_labeled_dataset_current.csv
359,real_redf0xwin_0359,images/0359.jpg,not_applicable,available,labeled,,,,21-30,minor,21-30,minor,21-30,minor,25,real_human_final,Real labeled image real_redf0xwin_0359,,21-30-minor-mid.md,,,,,,,,,,,,kaggle:redf0xwin/recognizing-defects-in-boxes-and-cardboard,dent:74;hole:2,/Users/inventure71/VSProjects/School/Dream2Detect/data/registries/real_relabel_registry.csv,labeled,,/Users/inventure71/VSProjects/School/Dream2Detect/data/real/source/redf0xwin_recognizing_defects_in_boxes_and_cardboard/images/0359.jpg,rgb_pad_resize_384,/Users/inventure71/VSProjects/School/Dream2Detect/data/datasets/real_labeled_dataset_current.csv
360,real_redf0xwin_0360,images/0360.jpg,not_applicable,available,labeled,,,,46-55,moderate,46-55,moderate,46-55,moderate,50,real_human_final,Real labeled image real_redf0xwin_0360,,46-55-moderate-mid.md,,,,,,,,,,,,kaggle:redf0xwin/recognizing-defects-in-boxes-and-cardboard,dent:103;hole:9,/Users/inventure71/VSProjects/School/Dream2Detect/data/registries/real_relabel_registry.csv,labeled,,/Users/inventure71/VSProjects/School/Dream2Detect/data/real/source/redf0xwin_recognizing_defects_in_boxes_and_cardboard/images/0360.jpg,rgb_pad_resize_384,/Users/inventure71/VSProjects/School/Dream2Detect/data/datasets/real_labeled_dataset_current.csv
361,real_redf0xwin_0361,images/0361.jpg,not_applicable,available,labeled,,,,31-35,minor,31-35,minor,31-35,minor,33,real_human_final,Real labeled image real_redf0xwin_0361,,31-35-minor-high.md,,,,,,,,,,,,kaggle:redf0xwin/recognizing-defects-in-boxes-and-cardboard,dent:29;hole:18,/Users/inventure71/VSProjects/School/Dream2Detect/data/registries/real_relabel_registry.csv,labeled,,/Users/inventure71/VSProjects/School/Dream2Detect/data/real/source/redf0xwin_recognizing_defects_in_boxes_and_cardboard/images/0361.jpg,rgb_pad_resize_384,/Users/inventure71/VSProjects/School/Dream2Detect/data/datasets/real_labeled_dataset_current.csv
362,real_redf0xwin_0362,images/0362.jpg,not_applicable,available,labeled,,,,46-55,moderate,46-55,moderate,46-55,moderate,50,real_human_final,Real labeled image real_redf0xwin_0362,,46-55-moderate-mid.md,,,,,,,,,,,,kaggle:redf0xwin/recognizing-defects-in-boxes-and-cardboard,dent:108;hole:5,/Users/inventure71/VSProjects/School/Dream2Detect/data/registries/real_relabel_registry.csv,labeled,,/Users/inventure71/VSProjects/School/Dream2Detect/data/real/source/redf0xwin_recognizing_defects_in_boxes_and_cardboard/images/0362.jpg,rgb_pad_resize_384,/Users/inventure71/VSProjects/School/Dream2Detect/data/datasets/real_labeled_dataset_current.csv
363,real_redf0xwin_0363,images/0363.jpg,not_applicable,available,labeled,,,,46-55,moderate,46-55,moderate,46-55,moderate,50,real_human_final,Real labeled image real_redf0xwin_0363,,46-55-moderate-mid.md,,,,,,,,,,,,kaggle:redf0xwin/recognizing-defects-in-boxes-and-cardboard,dent:59;hole:2,/Users/inventure71/VSProjects/School/Dream2Detect/data/registries/real_relabel_registry.csv,labeled,,/Users/inventure71/VSProjects/School/Dream2Detect/data/real/source/redf0xwin_recognizing_defects_in_boxes_and_cardboard/images/0363.jpg,rgb_pad_resize_384,/Users/inventure71/VSProjects/School/Dream2Detect/data/datasets/real_labeled_dataset_current.csv
364,real_redf0xwin_0364,images/0364.jpg,not_applicable,available,labeled,,,,36-45,moderate,36-45,moderate,36-45,moderate,40,real_human_final,Real labeled image real_redf0xwin_0364,,36-45-moderate-low.md,,,,,,,,,,,,kaggle:redf0xwin/recognizing-defects-in-boxes-and-cardboard,dent:219;dirt:3;hole:4,/Users/inventure71/VSProjects/School/Dream2Detect/data/registries/real_relabel_registry.csv,labeled,,/Users/inventure71/VSProjects/School/Dream2Detect/data/real/source/redf0xwin_recognizing_defects_in_boxes_and_cardboard/images/0364.jpg,rgb_pad_resize_384,/Users/inventure71/VSProjects/School/Dream2Detect/data/datasets/real_labeled_dataset_current.csv
365,real_redf0xwin_0365,images/0365.jpg,not_applicable,available,labeled,,,,36-45,moderate,36-45,moderate,36-45,moderate,40,real_human_final,Real labeled image real_redf0xwin_0365,,36-45-moderate-low.md,,,,,,,,,,,,kaggle:redf0xwin/recognizing-defects-in-boxes-and-cardboard,dent:141;hole:11,/Users/inventure71/VSProjects/School/Dream2Detect/data/registries/real_relabel_registry.csv,labeled,,/Users/inventure71/VSProjects/School/Dream2Detect/data/real/source/redf0xwin_recognizing_defects_in_boxes_and_cardboard/images/0365.jpg,rgb_pad_resize_384,/Users/inventure71/VSProjects/School/Dream2Detect/data/datasets/real_labeled_dataset_current.csv
366,real_redf0xwin_0366,images/0366.jpg,not_applicable,available,labeled,,,,31-35,minor,31-35,minor,31-35,minor,33,real_human_final,Real labeled image real_redf0xwin_0366,,31-35-minor-high.md,,,,,,,,,,,,kaggle:redf0xwin/recognizing-defects-in-boxes-and-cardboard,dent:131;hole:1,/Users/inventure71/VSProjects/School/Dream2Detect/data/registries/real_relabel_registry.csv,labeled,,/Users/inventure71/VSProjects/School/Dream2Detect/data/real/source/redf0xwin_recognizing_defects_in_boxes_and_cardboard/images/0366.jpg,rgb_pad_resize_384,/Users/inventure71/VSProjects/School/Dream2Detect/data/datasets/real_labeled_dataset_current.csv
367,real_redf0xwin_0367,images/0367.jpg,not_applicable,available,labeled,,,,31-35,minor,31-35,minor,31-35,minor,33,real_human_final,Real labeled image real_redf0xwin_0367,,31-35-minor-high.md,,,,,,,,,,,,kaggle:redf0xwin/recognizing-defects-in-boxes-and-cardboard,dent:175;hole:2,/Users/inventure71/VSProjects/School/Dream2Detect/data/registries/real_relabel_registry.csv,labeled,,/Users/inventure71/VSProjects/School/Dream2Detect/data/real/source/redf0xwin_recognizing_defects_in_boxes_and_cardboard/images/0367.jpg,rgb_pad_resize_384,/Users/inventure71/VSProjects/School/Dream2Detect/data/datasets/real_labeled_dataset_current.csv
368,real_redf0xwin_0368,images/0368.jpg,not_applicable,available,labeled,,,,36-45,moderate,36-45,moderate,36-45,moderate,40,real_human_final,Real labeled image real_redf0xwin_0368,,36-45-moderate-low.md,,,,,,,,,,,,kaggle:redf0xwin/recognizing-defects-in-boxes-and-cardboard,dent:58;dirt:8,/Users/inventure71/VSProjects/School/Dream2Detect/data/registries/real_relabel_registry.csv,labeled,,/Users/inventure71/VSProjects/School/Dream2Detect/data/real/source/redf0xwin_recognizing_defects_in_boxes_and_cardboard/images/0368.jpg,rgb_pad_resize_384,/Users/inventure71/VSProjects/School/Dream2Detect/data/datasets/real_labeled_dataset_current.csv
369,real_redf0xwin_0369,images/0369.jpg,not_applicable,available,labeled,,,,46-55,moderate,46-55,moderate,46-55,moderate,50,real_human_final,Real labeled image real_redf0xwin_0369,,46-55-moderate-mid.md,,,,,,,,,,,,kaggle:redf0xwin/recognizing-defects-in-boxes-and-cardboard,dent:94;dirt:11,/Users/inventure71/VSProjects/School/Dream2Detect/data/registries/real_relabel_registry.csv,labeled,,/Users/inventure71/VSProjects/School/Dream2Detect/data/real/source/redf0xwin_recognizing_defects_in_boxes_and_cardboard/images/0369.jpg,rgb_pad_resize_384,/Users/inventure71/VSProjects/School/Dream2Detect/data/datasets/real_labeled_dataset_current.csv
370,real_redf0xwin_0370,images/0370.jpg,not_applicable,available,labeled,,,,11-20,minor,11-20,minor,11-20,minor,15,real_human_final,Real labeled image real_redf0xwin_0370,,11-20-minor-low.md,,,,,,,,,,,,kaggle:redf0xwin/recognizing-defects-in-boxes-and-cardboard,dent:32,/Users/inventure71/VSProjects/School/Dream2Detect/data/registries/real_relabel_registry.csv,labeled,,/Users/inventure71/VSProjects/School/Dream2Detect/data/real/source/redf0xwin_recognizing_defects_in_boxes_and_cardboard/images/0370.jpg,rgb_pad_resize_384,/Users/inventure71/VSProjects/School/Dream2Detect/data/datasets/real_labeled_dataset_current.csv
371,real_redf0xwin_0371,images/0371.jpg,not_applicable,available,labeled,,,,36-45,moderate,36-45,moderate,36-45,moderate,40,real_human_final,Real labeled image real_redf0xwin_0371,,36-45-moderate-low.md,,,,,,,,,,,,kaggle:redf0xwin/recognizing-defects-in-boxes-and-cardboard,dent:58;dirt:8,/Users/inventure71/VSProjects/School/Dream2Detect/data/registries/real_relabel_registry.csv,labeled,,/Users/inventure71/VSProjects/School/Dream2Detect/data/real/source/redf0xwin_recognizing_defects_in_boxes_and_cardboard/images/0371.jpg,rgb_pad_resize_384,/Users/inventure71/VSProjects/School/Dream2Detect/data/datasets/real_labeled_dataset_current.csv
372,real_redf0xwin_0372,images/0372.jpg,not_applicable,available,labeled,,,,36-45,moderate,36-45,moderate,36-45,moderate,40,real_human_final,Real labeled image real_redf0xwin_0372,,36-45-moderate-low.md,,,,,,,,,,,,kaggle:redf0xwin/recognizing-defects-in-boxes-and-cardboard,dent:50,/Users/inventure71/VSProjects/School/Dream2Detect/data/registries/real_relabel_registry.csv,labeled,,/Users/inventure71/VSProjects/School/Dream2Detect/data/real/source/redf0xwin_recognizing_defects_in_boxes_and_cardboard/images/0372.jpg,rgb_pad_resize_384,/Users/inventure71/VSProjects/School/Dream2Detect/data/datasets/real_labeled_dataset_current.csv
373,real_redf0xwin_0373,images/0373.jpg,not_applicable,available,labeled,,,,66-75,severe,66-75,severe,66-75,severe,70,real_human_final,Real labeled image real_redf0xwin_0373,,66-75-severe-low.md,,,,,,,,,,,,kaggle:redf0xwin/recognizing-defects-in-boxes-and-cardboard,dent:69;hole:2,/Users/inventure71/VSProjects/School/Dream2Detect/data/registries/real_relabel_registry.csv,labeled,,/Users/inventure71/VSProjects/School/Dream2Detect/data/real/source/redf0xwin_recognizing_defects_in_boxes_and_cardboard/images/0373.jpg,rgb_pad_resize_384,/Users/inventure71/VSProjects/School/Dream2Detect/data/datasets/real_labeled_dataset_current.csv
374,real_redf0xwin_0374,images/0374.jpg,not_applicable,available,labeled,,,,56-65,moderate,56-65,moderate,56-65,moderate,60,real_human_final,Real labeled image real_redf0xwin_0374,,56-65-moderate-high.md,,,,,,,,,,,,kaggle:redf0xwin/recognizing-defects-in-boxes-and-cardboard,dent:119;dirt:10;hole:1,/Users/inventure71/VSProjects/School/Dream2Detect/data/registries/real_relabel_registry.csv,labeled,,/Users/inventure71/VSProjects/School/Dream2Detect/data/real/source/redf0xwin_recognizing_defects_in_boxes_and_cardboard/images/0374.jpg,rgb_pad_resize_384,/Users/inventure71/VSProjects/School/Dream2Detect/data/datasets/real_labeled_dataset_current.csv
375,real_redf0xwin_0375,images/0375.jpg,not_applicable,available,labeled,,,,31-35,minor,31-35,minor,31-35,minor,33,real_human_final,Real labeled image real_redf0xwin_0375,,31-35-minor-high.md,,,,,,,,,,,,kaggle:redf0xwin/recognizing-defects-in-boxes-and-cardboard,dent:86;hole:1,/Users/inventure71/VSProjects/School/Dream2Detect/data/registries/real_relabel_registry.csv,labeled,,/Users/inventure71/VSProjects/School/Dream2Detect/data/real/source/redf0xwin_recognizing_defects_in_boxes_and_cardboard/images/0375.jpg,rgb_pad_resize_384,/Users/inventure71/VSProjects/School/Dream2Detect/data/datasets/real_labeled_dataset_current.csv
376,real_redf0xwin_0376,images/0376.jpg,not_applicable,available,labeled,,,,46-55,moderate,46-55,moderate,46-55,moderate,50,real_human_final,Real labeled image real_redf0xwin_0376,,46-55-moderate-mid.md,,,,,,,,,,,,kaggle:redf0xwin/recognizing-defects-in-boxes-and-cardboard,dent:111;hole:3,/Users/inventure71/VSProjects/School/Dream2Detect/data/registries/real_relabel_registry.csv,labeled,,/Users/inventure71/VSProjects/School/Dream2Detect/data/real/source/redf0xwin_recognizing_defects_in_boxes_and_cardboard/images/0376.jpg,rgb_pad_resize_384,/Users/inventure71/VSProjects/School/Dream2Detect/data/datasets/real_labeled_dataset_current.csv
377,real_redf0xwin_0377,images/0377.jpg,not_applicable,available,labeled,,,,56-65,moderate,56-65,moderate,56-65,moderate,60,real_human_final,Real labeled image real_redf0xwin_0377,,56-65-moderate-high.md,,,,,,,,,,,,kaggle:redf0xwin/recognizing-defects-in-boxes-and-cardboard,dent:78;hole:2,/Users/inventure71/VSProjects/School/Dream2Detect/data/registries/real_relabel_registry.csv,labeled,,/Users/inventure71/VSProjects/School/Dream2Detect/data/real/source/redf0xwin_recognizing_defects_in_boxes_and_cardboard/images/0377.jpg,rgb_pad_resize_384,/Users/inventure71/VSProjects/School/Dream2Detect/data/datasets/real_labeled_dataset_current.csv
378,real_redf0xwin_0378,images/0378.jpg,not_applicable,available,labeled,,,,46-55,moderate,46-55,moderate,46-55,moderate,50,real_human_final,Real labeled image real_redf0xwin_0378,,46-55-moderate-mid.md,,,,,,,,,,,,kaggle:redf0xwin/recognizing-defects-in-boxes-and-cardboard,dent:42;hole:6,/Users/inventure71/VSProjects/School/Dream2Detect/data/registries/real_relabel_registry.csv,labeled,,/Users/inventure71/VSProjects/School/Dream2Detect/data/real/source/redf0xwin_recognizing_defects_in_boxes_and_cardboard/images/0378.jpg,rgb_pad_resize_384,/Users/inventure71/VSProjects/School/Dream2Detect/data/datasets/real_labeled_dataset_current.csv
379,real_redf0xwin_0379,images/0379.jpg,not_applicable,available,labeled,,,,56-65,moderate,56-65,moderate,56-65,moderate,60,real_human_final,Real labeled image real_redf0xwin_0379,,56-65-moderate-high.md,,,,,,,,,,,,kaggle:redf0xwin/recognizing-defects-in-boxes-and-cardboard,dent:74;hole:1,/Users/inventure71/VSProjects/School/Dream2Detect/data/registries/real_relabel_registry.csv,labeled,,/Users/inventure71/VSProjects/School/Dream2Detect/data/real/source/redf0xwin_recognizing_defects_in_boxes_and_cardboard/images/0379.jpg,rgb_pad_resize_384,/Users/inventure71/VSProjects/School/Dream2Detect/data/datasets/real_labeled_dataset_current.csv
380,real_redf0xwin_0380,images/0380.jpg,not_applicable,available,labeled,,,,46-55,moderate,46-55,moderate,46-55,moderate,50,real_human_final,Real labeled image real_redf0xwin_0380,,46-55-moderate-mid.md,,,,,,,,,,,,kaggle:redf0xwin/recognizing-defects-in-boxes-and-cardboard,dent:42;hole:6,/Users/inventure71/VSProjects/School/Dream2Detect/data/registries/real_relabel_registry.csv,labeled,,/Users/inventure71/VSProjects/School/Dream2Detect/data/real/source/redf0xwin_recognizing_defects_in_boxes_and_cardboard/images/0380.jpg,rgb_pad_resize_384,/Users/inventure71/VSProjects/School/Dream2Detect/data/datasets/real_labeled_dataset_current.csv
381,real_redf0xwin_0381,images/0381.jpg,not_applicable,available,labeled,,,,31-35,minor,31-35,minor,31-35,minor,33,real_human_final,Real labeled image real_redf0xwin_0381,,31-35-minor-high.md,,,,,,,,,,,,kaggle:redf0xwin/recognizing-defects-in-boxes-and-cardboard,dent:51;hole:2,/Users/inventure71/VSProjects/School/Dream2Detect/data/registries/real_relabel_registry.csv,labeled,,/Users/inventure71/VSProjects/School/Dream2Detect/data/real/source/redf0xwin_recognizing_defects_in_boxes_and_cardboard/images/0381.jpg,rgb_pad_resize_384,/Users/inventure71/VSProjects/School/Dream2Detect/data/datasets/real_labeled_dataset_current.csv
382,real_redf0xwin_0382,images/0382.jpg,not_applicable,available,labeled,,,,46-55,moderate,46-55,moderate,46-55,moderate,50,real_human_final,Real labeled image real_redf0xwin_0382,,46-55-moderate-mid.md,,,,,,,,,,,,kaggle:redf0xwin/recognizing-defects-in-boxes-and-cardboard,dent:137;dirt:18;hole:3,/Users/inventure71/VSProjects/School/Dream2Detect/data/registries/real_relabel_registry.csv,labeled,,/Users/inventure71/VSProjects/School/Dream2Detect/data/real/source/redf0xwin_recognizing_defects_in_boxes_and_cardboard/images/0382.jpg,rgb_pad_resize_384,/Users/inventure71/VSProjects/School/Dream2Detect/data/datasets/real_labeled_dataset_current.csv
383,real_redf0xwin_0383,images/0383.jpg,not_applicable,available,labeled,,,,56-65,moderate,56-65,moderate,56-65,moderate,60,real_human_final,Real labeled image real_redf0xwin_0383,,56-65-moderate-high.md,,,,,,,,,,,,kaggle:redf0xwin/recognizing-defects-in-boxes-and-cardboard,dent:100;dirt:8;hole:1,/Users/inventure71/VSProjects/School/Dream2Detect/data/registries/real_relabel_registry.csv,labeled,,/Users/inventure71/VSProjects/School/Dream2Detect/data/real/source/redf0xwin_recognizing_defects_in_boxes_and_cardboard/images/0383.jpg,rgb_pad_resize_384,/Users/inventure71/VSProjects/School/Dream2Detect/data/datasets/real_labeled_dataset_current.csv
384,real_redf0xwin_0384,images/0384.jpg,not_applicable,available,labeled,,,,46-55,moderate,46-55,moderate,46-55,moderate,50,real_human_final,Real labeled image real_redf0xwin_0384,,46-55-moderate-mid.md,,,,,,,,,,,,kaggle:redf0xwin/recognizing-defects-in-boxes-and-cardboard,dent:70;hole:2,/Users/inventure71/VSProjects/School/Dream2Detect/data/registries/real_relabel_registry.csv,labeled,,/Users/inventure71/VSProjects/School/Dream2Detect/data/real/source/redf0xwin_recognizing_defects_in_boxes_and_cardboard/images/0384.jpg,rgb_pad_resize_384,/Users/inventure71/VSProjects/School/Dream2Detect/data/datasets/real_labeled_dataset_current.csv
385,real_redf0xwin_0385,images/0385.jpg,not_applicable,available,labeled,,,,56-65,moderate,56-65,moderate,56-65,moderate,60,real_human_final,Real labeled image real_redf0xwin_0385,,56-65-moderate-high.md,,,,,,,,,,,,kaggle:redf0xwin/recognizing-defects-in-boxes-and-cardboard,dent:149;dirt:3,/Users/inventure71/VSProjects/School/Dream2Detect/data/registries/real_relabel_registry.csv,labeled,,/Users/inventure71/VSProjects/School/Dream2Detect/data/real/source/redf0xwin_recognizing_defects_in_boxes_and_cardboard/images/0385.jpg,rgb_pad_resize_384,/Users/inventure71/VSProjects/School/Dream2Detect/data/datasets/real_labeled_dataset_current.csv
386,real_redf0xwin_0386,images/0386.jpg,not_applicable,available,labeled,,,,56-65,moderate,56-65,moderate,56-65,moderate,60,real_human_final,Real labeled image real_redf0xwin_0386,,56-65-moderate-high.md,,,,,,,,,,,,kaggle:redf0xwin/recognizing-defects-in-boxes-and-cardboard,dent:58;hole:14,/Users/inventure71/VSProjects/School/Dream2Detect/data/registries/real_relabel_registry.csv,labeled,,/Users/inventure71/VSProjects/School/Dream2Detect/data/real/source/redf0xwin_recognizing_defects_in_boxes_and_cardboard/images/0386.jpg,rgb_pad_resize_384,/Users/inventure71/VSProjects/School/Dream2Detect/data/datasets/real_labeled_dataset_current.csv
387,real_redf0xwin_0387,images/0387.jpg,not_applicable,available,labeled,,,,46-55,moderate,46-55,moderate,46-55,moderate,50,real_human_final,Real labeled image real_redf0xwin_0387,,46-55-moderate-mid.md,,,,,,,,,,,,kaggle:redf0xwin/recognizing-defects-in-boxes-and-cardboard,dent:83,/Users/inventure71/VSProjects/School/Dream2Detect/data/registries/real_relabel_registry.csv,labeled,,/Users/inventure71/VSProjects/School/Dream2Detect/data/real/source/redf0xwin_recognizing_defects_in_boxes_and_cardboard/images/0387.jpg,rgb_pad_resize_384,/Users/inventure71/VSProjects/School/Dream2Detect/data/datasets/real_labeled_dataset_current.csv
388,real_redf0xwin_0388,images/0388.jpg,not_applicable,available,labeled,,,,66-75,severe,66-75,severe,66-75,severe,70,real_human_final,Real labeled image real_redf0xwin_0388,,66-75-severe-low.md,,,,,,,,,,,,kaggle:redf0xwin/recognizing-defects-in-boxes-and-cardboard,dent:54;hole:6,/Users/inventure71/VSProjects/School/Dream2Detect/data/registries/real_relabel_registry.csv,labeled,,/Users/inventure71/VSProjects/School/Dream2Detect/data/real/source/redf0xwin_recognizing_defects_in_boxes_and_cardboard/images/0388.jpg,rgb_pad_resize_384,/Users/inventure71/VSProjects/School/Dream2Detect/data/datasets/real_labeled_dataset_current.csv
389,real_redf0xwin_0389,images/0389.jpg,not_applicable,available,labeled,,,,46-55,moderate,46-55,moderate,46-55,moderate,50,real_human_final,Real labeled image real_redf0xwin_0389,,46-55-moderate-mid.md,,,,,,,,,,,,kaggle:redf0xwin/recognizing-defects-in-boxes-and-cardboard,dent:87;hole:3,/Users/inventure71/VSProjects/School/Dream2Detect/data/registries/real_relabel_registry.csv,labeled,,/Users/inventure71/VSProjects/School/Dream2Detect/data/real/source/redf0xwin_recognizing_defects_in_boxes_and_cardboard/images/0389.jpg,rgb_pad_resize_384,/Users/inventure71/VSProjects/School/Dream2Detect/data/datasets/real_labeled_dataset_current.csv
390,real_redf0xwin_0390,images/0390.jpg,not_applicable,available,labeled,,,,46-55,moderate,46-55,moderate,46-55,moderate,50,real_human_final,Real labeled image real_redf0xwin_0390,,46-55-moderate-mid.md,,,,,,,,,,,,kaggle:redf0xwin/recognizing-defects-in-boxes-and-cardboard,dent:56;dirt:1;hole:5,/Users/inventure71/VSProjects/School/Dream2Detect/data/registries/real_relabel_registry.csv,labeled,,/Users/inventure71/VSProjects/School/Dream2Detect/data/real/source/redf0xwin_recognizing_defects_in_boxes_and_cardboard/images/0390.jpg,rgb_pad_resize_384,/Users/inventure71/VSProjects/School/Dream2Detect/data/datasets/real_labeled_dataset_current.csv
